{
  "url": "https://www.emcasa.com/",
  "requestedUrl": "https://www.emcasa.com/",
  "timestamp": 1651971157194,
  "ranks": {
    "hundos": 1,
    "performance": 1,
    "accessibility": 1,
    "cumulative": 1
  },
  "lighthouse": {
    "version": "9.5.0",
    "performance": 0.28,
    "accessibility": 1,
    "bestPractices": 0.83,
    "seo": 1,
    "total": 311
  },
  "firstContentfulPaint": 5697.913999999999,
  "firstMeaningfulPaint": 5697.913999999999,
  "speedIndex": 5697.913999999999,
  "largestContentfulPaint": 6343.1849999999995,
  "totalBlockingTime": 2091.999999999998,
  "cumulativeLayoutShift": 0.002178615993923611,
  "timeToInteractive": 9554.379999999997,
  "maxPotentialFirstInputDelay": 1184,
  "timeToFirstByte": 101.62899999999999,
  "weight": {
    "summary": "61 requests • 1,091 KiB",
    "total": 1117633,
    "image": 128323,
    "imageCount": 19,
    "script": 701796,
    "scriptCount": 24,
    "document": 151187,
    "font": 34152,
    "fontCount": 1,
    "stylesheet": 14524,
    "stylesheetCount": 3,
    "thirdParty": 223613,
    "thirdPartyCount": 30
  },
  "run": {
    "number": 3,
    "total": 3
  },
  "axe": {
    "passes": 1141,
    "violations": 3
  }
}