{
  "url": "https://www.emcasa.com/",
  "requestedUrl": "https://www.emcasa.com/",
  "timestamp": 1653286572355,
  "ranks": {
    "hundos": 1,
    "performance": 1,
    "accessibility": 1,
    "cumulative": 1
  },
  "lighthouse": {
    "version": "9.6.1",
    "performance": 0.52,
    "accessibility": 1,
    "bestPractices": 0.83,
    "seo": 1,
    "total": 335
  },
  "firstContentfulPaint": 2962.6549999999997,
  "firstMeaningfulPaint": 2962.6549999999997,
  "speedIndex": 5200.062837214753,
  "largestContentfulPaint": 2962.6549999999997,
  "totalBlockingTime": 1365.732500000002,
  "cumulativeLayoutShift": 0.002178615993923611,
  "timeToInteractive": 11953.067500000001,
  "maxPotentialFirstInputDelay": 920.0000000000018,
  "timeToFirstByte": 594.345,
  "weight": {
    "summary": "86 requests • 1,402 KiB",
    "total": 1435535,
    "image": 129508,
    "imageCount": 24,
    "script": 1012572,
    "scriptCount": 38,
    "document": 153600,
    "font": 34152,
    "fontCount": 1,
    "stylesheet": 14657,
    "stylesheetCount": 3,
    "thirdParty": 540140,
    "thirdPartyCount": 56
  },
  "run": {
    "number": 1,
    "total": 3
  },
  "axe": {
    "passes": 1141,
    "violations": 3
  }
}