{
  "url": "https://www.emcasa.com/",
  "requestedUrl": "https://www.emcasa.com/",
  "timestamp": 1650089613033,
  "ranks": {
    "hundos": 1,
    "performance": 1,
    "accessibility": 1,
    "cumulative": 1
  },
  "lighthouse": {
    "version": "9.5.0",
    "performance": 0.36,
    "accessibility": 0.98,
    "bestPractices": 0.92,
    "seo": 0.99,
    "total": 325
  },
  "firstContentfulPaint": 5429.526,
  "firstMeaningfulPaint": 5429.526,
  "speedIndex": 5429.526,
  "largestContentfulPaint": 6633.057000000001,
  "totalBlockingTime": 1036.500000000001,
  "cumulativeLayoutShift": 0.002178615993923611,
  "timeToInteractive": 7483.068000000001,
  "maxPotentialFirstInputDelay": 850,
  "timeToFirstByte": 43.774,
  "weight": {
    "summary": "38 requests • 918 KiB",
    "total": 939726,
    "image": 127270,
    "imageCount": 17,
    "script": 529992,
    "scriptCount": 10,
    "document": 148953,
    "font": 34152,
    "fontCount": 1,
    "stylesheet": 14032,
    "stylesheetCount": 3,
    "thirdParty": 54734,
    "thirdPartyCount": 9
  },
  "run": {
    "number": 3,
    "total": 3
  },
  "axe": {
    "passes": 1551,
    "violations": 5
  }
}