{
  "url": "https://www.emcasa.com/",
  "requestedUrl": "https://www.emcasa.com/",
  "timestamp": 1656137601837,
  "ranks": {
    "hundos": 1,
    "performance": 1,
    "accessibility": 1,
    "cumulative": 1
  },
  "lighthouse": {
    "version": "9.6.2",
    "performance": 0.3,
    "accessibility": 1,
    "bestPractices": 0.83,
    "seo": 1,
    "total": 313
  },
  "firstContentfulPaint": 3052.072,
  "firstMeaningfulPaint": 3052.072,
  "speedIndex": 6712.493694427418,
  "largestContentfulPaint": 8370.868,
  "totalBlockingTime": 1492.830500000001,
  "cumulativeLayoutShift": 0.01968604532877604,
  "timeToInteractive": 12347.924,
  "maxPotentialFirstInputDelay": 1026,
  "timeToFirstByte": 551.8050000000001,
  "weight": {
    "summary": "112 requests • 1,708 KiB",
    "total": 1749323,
    "image": 503444,
    "imageCount": 45,
    "script": 938383,
    "scriptCount": 28,
    "document": 159900,
    "font": 34151,
    "fontCount": 1,
    "stylesheet": 14872,
    "stylesheetCount": 3,
    "thirdParty": 487511,
    "thirdPartyCount": 81
  },
  "run": {
    "number": 1,
    "total": 3
  },
  "axe": {
    "passes": 664,
    "violations": 3
  }
}