{
  "url": "https://www.emcasa.com/",
  "requestedUrl": "https://www.emcasa.com/",
  "timestamp": 1656915427098,
  "ranks": {
    "hundos": 1,
    "performance": 1,
    "accessibility": 1,
    "cumulative": 1
  },
  "lighthouse": {
    "version": "9.6.3",
    "performance": 0.31,
    "accessibility": 1,
    "bestPractices": 0.83,
    "seo": 1,
    "total": 314
  },
  "firstContentfulPaint": 5863.947000000001,
  "firstMeaningfulPaint": 5863.947000000001,
  "speedIndex": 5863.947000000001,
  "largestContentfulPaint": 8112.062,
  "totalBlockingTime": 1231.500000000001,
  "cumulativeLayoutShift": 0.01975552707248264,
  "timeToInteractive": 8383.467,
  "maxPotentialFirstInputDelay": 765,
  "timeToFirstByte": 60.744,
  "weight": {
    "summary": "53 requests • 1,419 KiB",
    "total": 1452994,
    "image": 491819,
    "imageCount": 20,
    "script": 671871,
    "scriptCount": 19,
    "document": 152225,
    "font": 34152,
    "fontCount": 1,
    "stylesheet": 14877,
    "stylesheetCount": 3,
    "thirdParty": 190377,
    "thirdPartyCount": 22
  },
  "run": {
    "number": 2,
    "total": 3
  },
  "axe": {
    "passes": 664,
    "violations": 3
  }
}