{
  "url": "https://www.emcasa.com/",
  "requestedUrl": "https://www.emcasa.com/",
  "timestamp": 1656118598317,
  "ranks": {
    "hundos": 1,
    "performance": 1,
    "accessibility": 1,
    "cumulative": 1
  },
  "lighthouse": {
    "version": "9.6.2",
    "performance": 0.27,
    "accessibility": 1,
    "bestPractices": 0.83,
    "seo": 1,
    "total": 310
  },
  "firstContentfulPaint": 5485.870999999999,
  "firstMeaningfulPaint": 5485.870999999999,
  "speedIndex": 7428.330078506564,
  "largestContentfulPaint": 8402.855,
  "totalBlockingTime": 1407.999999999999,
  "cumulativeLayoutShift": 0.02963304646809896,
  "timeToInteractive": 8336.778999999999,
  "maxPotentialFirstInputDelay": 753.9999999999991,
  "timeToFirstByte": 1512.076,
  "weight": {
    "summary": "49 requests • 1,382 KiB",
    "total": 1415426,
    "image": 491825,
    "imageCount": 20,
    "script": 635280,
    "scriptCount": 17,
    "document": 151432,
    "font": 34152,
    "fontCount": 1,
    "stylesheet": 14875,
    "stylesheetCount": 3,
    "thirdParty": 153738,
    "thirdPartyCount": 18
  },
  "run": {
    "number": 1,
    "total": 3
  },
  "axe": {
    "passes": 664,
    "violations": 3
  }
}