{
  "url": "https://www.emcasa.com/",
  "requestedUrl": "https://www.emcasa.com/",
  "timestamp": 1651644932794,
  "ranks": {
    "hundos": 1,
    "performance": 1,
    "accessibility": 1,
    "cumulative": 1
  },
  "lighthouse": {
    "version": "9.5.0",
    "performance": 0.32,
    "accessibility": 1,
    "bestPractices": 0.83,
    "seo": 1,
    "total": 315
  },
  "firstContentfulPaint": 5432.447999999999,
  "firstMeaningfulPaint": 5432.447999999999,
  "speedIndex": 5515.657603157703,
  "largestContentfulPaint": 5432.447999999999,
  "totalBlockingTime": 1725.0985,
  "cumulativeLayoutShift": 0.002178615993923611,
  "timeToInteractive": 9396.0005,
  "maxPotentialFirstInputDelay": 1063,
  "timeToFirstByte": 48.8,
  "weight": {
    "summary": "57 requests • 1,061 KiB",
    "total": 1086433,
    "image": 127231,
    "imageCount": 18,
    "script": 674616,
    "scriptCount": 24,
    "document": 149742,
    "font": 34152,
    "fontCount": 1,
    "stylesheet": 14515,
    "stylesheetCount": 3,
    "thirdParty": 196449,
    "thirdPartyCount": 28
  },
  "run": {
    "number": 1,
    "total": 3
  },
  "axe": {
    "passes": 1667,
    "violations": 5
  }
}