{
  "url": "https://www.emcasa.com/",
  "requestedUrl": "https://www.emcasa.com/",
  "timestamp": 1652984530671,
  "ranks": {
    "hundos": 1,
    "performance": 1,
    "accessibility": 1,
    "cumulative": 1
  },
  "lighthouse": {
    "version": "9.6.1",
    "performance": 0.33,
    "accessibility": 1,
    "bestPractices": 0.83,
    "seo": 1,
    "total": 316
  },
  "firstContentfulPaint": 5241.608,
  "firstMeaningfulPaint": 5241.608,
  "speedIndex": 6442.161769358257,
  "largestContentfulPaint": 6961.128000000001,
  "totalBlockingTime": 1045.1859999999992,
  "cumulativeLayoutShift": 0.002178615993923611,
  "timeToInteractive": 8069.6860000000015,
  "maxPotentialFirstInputDelay": 868.9999999999991,
  "timeToFirstByte": 961.005,
  "weight": {
    "summary": "56 requests • 1,054 KiB",
    "total": 1079209,
    "image": 128308,
    "imageCount": 19,
    "script": 664029,
    "scriptCount": 23,
    "document": 151322,
    "font": 34152,
    "fontCount": 1,
    "stylesheet": 14514,
    "stylesheetCount": 3,
    "thirdParty": 185919,
    "thirdPartyCount": 26
  },
  "run": {
    "number": 1,
    "total": 3
  },
  "axe": {
    "passes": 1141,
    "violations": 3
  }
}