{
  "url": "https://www.emcasa.com/",
  "requestedUrl": "https://www.emcasa.com/",
  "timestamp": 1650630042609,
  "ranks": {
    "hundos": 1,
    "performance": 1,
    "accessibility": 1,
    "cumulative": 1
  },
  "lighthouse": {
    "version": "9.5.0",
    "performance": 0.58,
    "accessibility": 0.98,
    "bestPractices": 0.83,
    "seo": 1,
    "total": 341
  },
  "firstContentfulPaint": 2756.3010000000004,
  "firstMeaningfulPaint": 2756.3010000000004,
  "speedIndex": 3248.8652800481436,
  "largestContentfulPaint": 2756.3010000000004,
  "totalBlockingTime": 1820.8775000000005,
  "cumulativeLayoutShift": 0.002178615993923611,
  "timeToInteractive": 7786.4035,
  "maxPotentialFirstInputDelay": 836,
  "timeToFirstByte": 24.119,
  "weight": {
    "summary": "84 requests • 1,405 KiB",
    "total": 1438621,
    "image": 127437,
    "imageCount": 24,
    "script": 1024621,
    "scriptCount": 37,
    "document": 150861,
    "font": 34152,
    "fontCount": 1,
    "stylesheet": 14031,
    "stylesheetCount": 3,
    "thirdParty": 553267,
    "thirdPartyCount": 55
  },
  "run": {
    "number": 3,
    "total": 3
  },
  "axe": {
    "passes": 1295,
    "violations": 5
  }
}