{
  "url": "https://www.emcasa.com/",
  "requestedUrl": "https://www.emcasa.com/",
  "timestamp": 1653718480239,
  "ranks": {
    "hundos": 1,
    "performance": 1,
    "accessibility": 1,
    "cumulative": 1
  },
  "lighthouse": {
    "version": "9.6.1",
    "performance": 0.33,
    "accessibility": 0.98,
    "bestPractices": 0.83,
    "seo": 1,
    "total": 316
  },
  "firstContentfulPaint": 5725.080999999999,
  "firstMeaningfulPaint": 5725.080999999999,
  "speedIndex": 5725.080999999999,
  "largestContentfulPaint": 6030.839,
  "totalBlockingTime": 1390,
  "cumulativeLayoutShift": 0.002178615993923611,
  "timeToInteractive": 7928.75,
  "maxPotentialFirstInputDelay": 1056,
  "timeToFirstByte": 65.73699999999997,
  "weight": {
    "summary": "39 requests • 929 KiB",
    "total": 950786,
    "image": 128381,
    "imageCount": 18,
    "script": 535020,
    "scriptCount": 10,
    "document": 151322,
    "font": 34153,
    "fontCount": 1,
    "stylesheet": 14662,
    "stylesheetCount": 3,
    "thirdParty": 55065,
    "thirdPartyCount": 9
  },
  "run": {
    "number": 1,
    "total": 3
  },
  "axe": {
    "passes": 1141,
    "violations": 3
  }
}