{
  "url": "https://www.emcasa.com/",
  "requestedUrl": "https://www.emcasa.com/",
  "timestamp": 1649312016434,
  "ranks": {
    "hundos": 1,
    "performance": 1,
    "accessibility": 1,
    "cumulative": 1
  },
  "lighthouse": {
    "version": "9.5.0",
    "performance": 0.29,
    "accessibility": 0.98,
    "bestPractices": 0.92,
    "seo": 0.99,
    "total": 318
  },
  "firstContentfulPaint": 5550.397999999999,
  "firstMeaningfulPaint": 5550.397999999999,
  "speedIndex": 5881.704292853397,
  "largestContentfulPaint": 7216.660499999998,
  "totalBlockingTime": 1530.999999999999,
  "cumulativeLayoutShift": 0.002178615993923611,
  "timeToInteractive": 8476.077999999998,
  "maxPotentialFirstInputDelay": 1111.999999999999,
  "timeToFirstByte": 37.821999999999996,
  "weight": {
    "summary": "38 requests • 912 KiB",
    "total": 933460,
    "image": 126532,
    "imageCount": 16,
    "script": 529009,
    "scriptCount": 10,
    "document": 146170,
    "font": 34152,
    "fontCount": 1,
    "stylesheet": 13578,
    "stylesheetCount": 3,
    "thirdParty": 53974,
    "thirdPartyCount": 8
  },
  "run": {
    "number": 2,
    "total": 3
  },
  "axe": {
    "passes": 1262,
    "violations": 5
  }
}