{
  "url": "https://www.emcasa.com/",
  "requestedUrl": "https://www.emcasa.com/",
  "timestamp": 1650521614148,
  "ranks": {
    "hundos": 1,
    "performance": 1,
    "accessibility": 1,
    "cumulative": 1
  },
  "lighthouse": {
    "version": "9.5.0",
    "performance": 0.31,
    "accessibility": 1,
    "bestPractices": 0.83,
    "seo": 1,
    "total": 314
  },
  "firstContentfulPaint": 5533.8009999999995,
  "firstMeaningfulPaint": 5743.3785,
  "speedIndex": 5969.47107953015,
  "largestContentfulPaint": 5952.956,
  "totalBlockingTime": 1409.3450000000012,
  "cumulativeLayoutShift": 0.002178615993923611,
  "timeToInteractive": 9451.838000000002,
  "maxPotentialFirstInputDelay": 762,
  "timeToFirstByte": 72.481,
  "weight": {
    "summary": "88 requests • 1,322 KiB",
    "total": 1353691,
    "image": 128283,
    "imageCount": 23,
    "script": 935796,
    "scriptCount": 40,
    "document": 151955,
    "font": 34152,
    "fontCount": 1,
    "stylesheet": 14025,
    "stylesheetCount": 3,
    "thirdParty": 468076,
    "thirdPartyCount": 60
  },
  "run": {
    "number": 1,
    "total": 3
  },
  "axe": {
    "passes": 1551,
    "violations": 5
  }
}