{
  "url": "https://www.emcasa.com/",
  "requestedUrl": "https://www.emcasa.com/",
  "timestamp": 1654777327853,
  "ranks": {
    "hundos": 1,
    "performance": 1,
    "accessibility": 1,
    "cumulative": 1
  },
  "lighthouse": {
    "version": "9.6.2",
    "performance": 0.3,
    "accessibility": 1,
    "bestPractices": 0.83,
    "seo": 1,
    "total": 313
  },
  "firstContentfulPaint": 5484.597,
  "firstMeaningfulPaint": 5484.597,
  "speedIndex": 5484.597,
  "largestContentfulPaint": 7742.349499999999,
  "totalBlockingTime": 1322.9739999999993,
  "cumulativeLayoutShift": 0.002178615993923611,
  "timeToInteractive": 8918.305,
  "maxPotentialFirstInputDelay": 700,
  "timeToFirstByte": 71.524,
  "weight": {
    "summary": "39 requests • 930 KiB",
    "total": 952138,
    "image": 128319,
    "imageCount": 18,
    "script": 535122,
    "scriptCount": 9,
    "document": 152160,
    "font": 34152,
    "fontCount": 1,
    "stylesheet": 14621,
    "stylesheetCount": 3,
    "thirdParty": 55065,
    "thirdPartyCount": 9
  },
  "run": {
    "number": 3,
    "total": 3
  },
  "axe": {
    "passes": 1189,
    "violations": 3
  }
}