{
  "url": "https://www.emcasa.com/",
  "requestedUrl": "https://www.emcasa.com/",
  "timestamp": 1653632173636,
  "ranks": {
    "hundos": 1,
    "performance": 1,
    "accessibility": 1,
    "cumulative": 1
  },
  "lighthouse": {
    "version": "9.6.1",
    "performance": 0.32,
    "accessibility": 1,
    "bestPractices": 0.83,
    "seo": 1,
    "total": 315
  },
  "firstContentfulPaint": 5236.691999999999,
  "firstMeaningfulPaint": 5236.691999999999,
  "speedIndex": 5256.144484576516,
  "largestContentfulPaint": 5694.776999999999,
  "totalBlockingTime": 2163.8050000000003,
  "cumulativeLayoutShift": 0.002178615993923611,
  "timeToInteractive": 8099.446999999999,
  "maxPotentialFirstInputDelay": 1052,
  "timeToFirstByte": 54.889,
  "weight": {
    "summary": "39 requests • 947 KiB",
    "total": 969745,
    "image": 128314,
    "imageCount": 18,
    "script": 554159,
    "scriptCount": 10,
    "document": 151221,
    "font": 34152,
    "fontCount": 1,
    "stylesheet": 14653,
    "stylesheetCount": 3,
    "thirdParty": 74619,
    "thirdPartyCount": 9
  },
  "run": {
    "number": 3,
    "total": 3
  },
  "axe": {
    "passes": 1680,
    "violations": 5
  }
}