{
  "url": "https://www.emcasa.com/",
  "requestedUrl": "https://www.emcasa.com/",
  "timestamp": 1656291666134,
  "ranks": {
    "hundos": 1,
    "performance": 1,
    "accessibility": 1,
    "cumulative": 1
  },
  "lighthouse": {
    "version": "9.6.2",
    "performance": 0.32,
    "accessibility": 1,
    "bestPractices": 0.83,
    "seo": 1,
    "total": 315
  },
  "firstContentfulPaint": 5498.775000000001,
  "firstMeaningfulPaint": 5498.775000000001,
  "speedIndex": 5498.775000000001,
  "largestContentfulPaint": 7879.775,
  "totalBlockingTime": 1307,
  "cumulativeLayoutShift": 0.01975552707248264,
  "timeToInteractive": 7886.775,
  "maxPotentialFirstInputDelay": 723,
  "timeToFirstByte": 49.081,
  "weight": {
    "summary": "40 requests • 1,286 KiB",
    "total": 1316839,
    "image": 491778,
    "imageCount": 20,
    "script": 536442,
    "scriptCount": 9,
    "document": 151733,
    "font": 34152,
    "fontCount": 1,
    "stylesheet": 14871,
    "stylesheetCount": 3,
    "thirdParty": 55068,
    "thirdPartyCount": 9
  },
  "run": {
    "number": 1,
    "total": 3
  },
  "axe": {
    "passes": 664,
    "violations": 3
  }
}