{
  "url": "https://www.emcasa.com/",
  "requestedUrl": "https://www.emcasa.com/",
  "timestamp": 1654258770396,
  "ranks": {
    "hundos": 1,
    "performance": 1,
    "accessibility": 1,
    "cumulative": 1
  },
  "lighthouse": {
    "version": "9.6.1",
    "performance": 0.51,
    "accessibility": 1,
    "bestPractices": 0.83,
    "seo": 1,
    "total": 334
  },
  "firstContentfulPaint": 2695.573,
  "firstMeaningfulPaint": 2695.573,
  "speedIndex": 6655.1387717841935,
  "largestContentfulPaint": 2695.573,
  "totalBlockingTime": 1476.6860000000056,
  "cumulativeLayoutShift": 0.002178615993923611,
  "timeToInteractive": 13242.877500000002,
  "maxPotentialFirstInputDelay": 900.0000000000036,
  "timeToFirstByte": 173.983,
  "weight": {
    "summary": "109 requests • 1,455 KiB",
    "total": 1490157,
    "image": 130174,
    "imageCount": 28,
    "script": 1061688,
    "scriptCount": 48,
    "document": 153628,
    "font": 34152,
    "fontCount": 1,
    "stylesheet": 14619,
    "stylesheetCount": 3,
    "thirdParty": 593995,
    "thirdPartyCount": 79
  },
  "run": {
    "number": 1,
    "total": 3
  },
  "axe": {
    "passes": 1141,
    "violations": 3
  }
}