{
  "url": "https://www.emcasa.com/",
  "requestedUrl": "https://www.emcasa.com/",
  "timestamp": 1649830460551,
  "ranks": {
    "hundos": 1,
    "performance": 1,
    "accessibility": 1,
    "cumulative": 1
  },
  "lighthouse": {
    "version": "9.5.0",
    "performance": 0.28,
    "accessibility": 0.98,
    "bestPractices": 0.92,
    "seo": 1,
    "total": 320
  },
  "firstContentfulPaint": 5635.960000000001,
  "firstMeaningfulPaint": 6059.678500000001,
  "speedIndex": 6228.384598178065,
  "largestContentfulPaint": 6649.834000000001,
  "totalBlockingTime": 1859.5,
  "cumulativeLayoutShift": 0.002178615993923611,
  "timeToInteractive": 8485.393,
  "maxPotentialFirstInputDelay": 755.0000000000009,
  "timeToFirstByte": 666.371,
  "weight": {
    "summary": "38 requests • 998 KiB",
    "total": 1022112,
    "image": 127259,
    "imageCount": 17,
    "script": 612148,
    "scriptCount": 10,
    "document": 149183,
    "font": 34152,
    "fontCount": 1,
    "stylesheet": 14044,
    "stylesheetCount": 3,
    "thirdParty": 136929,
    "thirdPartyCount": 9
  },
  "run": {
    "number": 1,
    "total": 3
  },
  "axe": {
    "passes": 1066,
    "violations": 3
  }
}