{
  "url": "https://www.emcasa.com/",
  "requestedUrl": "https://www.emcasa.com/",
  "timestamp": 1653372899137,
  "ranks": {
    "hundos": 1,
    "performance": 1,
    "accessibility": 1,
    "cumulative": 1
  },
  "lighthouse": {
    "version": "9.6.1",
    "performance": 0.37,
    "accessibility": 0.98,
    "bestPractices": 0.83,
    "seo": 0.99,
    "total": 317
  },
  "firstContentfulPaint": 5395.722,
  "firstMeaningfulPaint": 5395.722,
  "speedIndex": 5395.722,
  "largestContentfulPaint": 6743.74,
  "totalBlockingTime": 935,
  "cumulativeLayoutShift": 0.002178615993923611,
  "timeToInteractive": 7465.722000000001,
  "maxPotentialFirstInputDelay": 803,
  "timeToFirstByte": 54.723000000000006,
  "weight": {
    "summary": "39 requests • 927 KiB",
    "total": 949650,
    "image": 128307,
    "imageCount": 18,
    "script": 534372,
    "scriptCount": 10,
    "document": 151236,
    "font": 34153,
    "fontCount": 1,
    "stylesheet": 14661,
    "stylesheetCount": 3,
    "thirdParty": 54742,
    "thirdPartyCount": 9
  },
  "run": {
    "number": 2,
    "total": 3
  },
  "axe": {
    "passes": 1680,
    "violations": 5
  }
}