{
  "url": "https://www.emcasa.com/",
  "requestedUrl": "https://www.emcasa.com/",
  "timestamp": 1653891489142,
  "ranks": {
    "hundos": 1,
    "performance": 1,
    "accessibility": 1,
    "cumulative": 1
  },
  "lighthouse": {
    "version": "9.6.1",
    "performance": 0.34,
    "accessibility": 0.98,
    "bestPractices": 0.83,
    "seo": 1,
    "total": 317
  },
  "firstContentfulPaint": 4179.548,
  "firstMeaningfulPaint": 4179.548,
  "speedIndex": 4355.3346666418565,
  "largestContentfulPaint": 6978.008500000001,
  "totalBlockingTime": 1549.0000000000005,
  "cumulativeLayoutShift": 0.002178615993923611,
  "timeToInteractive": 7936.548000000001,
  "maxPotentialFirstInputDelay": 706,
  "timeToFirstByte": 42.489,
  "weight": {
    "summary": "39 requests • 928 KiB",
    "total": 950549,
    "image": 128290,
    "imageCount": 18,
    "script": 534903,
    "scriptCount": 10,
    "document": 151290,
    "font": 34153,
    "fontCount": 1,
    "stylesheet": 14665,
    "stylesheetCount": 3,
    "thirdParty": 55057,
    "thirdPartyCount": 9
  },
  "run": {
    "number": 3,
    "total": 3
  },
  "axe": {
    "passes": 1141,
    "violations": 3
  }
}