{
  "url": "https://www.emcasa.com/",
  "requestedUrl": "https://www.emcasa.com/",
  "timestamp": 1651407527908,
  "ranks": {
    "hundos": 1,
    "performance": 1,
    "accessibility": 1,
    "cumulative": 1
  },
  "lighthouse": {
    "version": "9.5.0",
    "performance": 0.31,
    "accessibility": 0.98,
    "bestPractices": 0.83,
    "seo": 0.99,
    "total": 311
  },
  "firstContentfulPaint": 5646.159999999999,
  "firstMeaningfulPaint": 5646.159999999999,
  "speedIndex": 5646.159999999999,
  "largestContentfulPaint": 6827.849499999998,
  "totalBlockingTime": 1488.7005,
  "cumulativeLayoutShift": 0.002178615993923611,
  "timeToInteractive": 7900.048499999998,
  "maxPotentialFirstInputDelay": 1119,
  "timeToFirstByte": 28.02300000000001,
  "weight": {
    "summary": "38 requests • 919 KiB",
    "total": 941183,
    "image": 127280,
    "imageCount": 17,
    "script": 530066,
    "scriptCount": 10,
    "document": 149863,
    "font": 34152,
    "fontCount": 1,
    "stylesheet": 14029,
    "stylesheetCount": 3,
    "thirdParty": 54738,
    "thirdPartyCount": 9
  },
  "run": {
    "number": 1,
    "total": 3
  },
  "axe": {
    "passes": 1018,
    "violations": 3
  }
}