{
  "url": "https://www.emcasa.com/",
  "requestedUrl": "https://www.emcasa.com/",
  "timestamp": 1655513769405,
  "ranks": {
    "hundos": 1,
    "performance": 1,
    "accessibility": 1,
    "cumulative": 1
  },
  "lighthouse": {
    "version": "9.6.2",
    "performance": 0.26,
    "accessibility": 1,
    "bestPractices": 0.83,
    "seo": 1,
    "total": 309
  },
  "firstContentfulPaint": 4564.860000000001,
  "firstMeaningfulPaint": 4564.860000000001,
  "speedIndex": 6879.412644607937,
  "largestContentfulPaint": 8636.400000000001,
  "totalBlockingTime": 1844.7225000000008,
  "cumulativeLayoutShift": 0.01975552707248264,
  "timeToInteractive": 8827.462500000003,
  "maxPotentialFirstInputDelay": 985,
  "timeToFirstByte": 891.62,
  "weight": {
    "summary": "59 requests • 1,509 KiB",
    "total": 1544706,
    "image": 491770,
    "imageCount": 21,
    "script": 764819,
    "scriptCount": 23,
    "document": 151430,
    "font": 34151,
    "fontCount": 1,
    "stylesheet": 14842,
    "stylesheetCount": 3,
    "thirdParty": 285509,
    "thirdPartyCount": 28
  },
  "run": {
    "number": 1,
    "total": 3
  },
  "axe": {
    "passes": 664,
    "violations": 3
  }
}