{
  "url": "https://www.emcasa.com/",
  "requestedUrl": "https://www.emcasa.com/",
  "timestamp": 1652748881300,
  "ranks": {
    "hundos": 1,
    "performance": 1,
    "accessibility": 1,
    "cumulative": 1
  },
  "lighthouse": {
    "version": "9.6.1",
    "performance": 0.34,
    "accessibility": 0.98,
    "bestPractices": 0.83,
    "seo": 1,
    "total": 315
  },
  "firstContentfulPaint": 5062.780000000001,
  "firstMeaningfulPaint": 5062.780000000001,
  "speedIndex": 5062.780000000001,
  "largestContentfulPaint": 6091.334000000001,
  "totalBlockingTime": 1434,
  "cumulativeLayoutShift": 0.002178615993923611,
  "timeToInteractive": 7429.549999999999,
  "maxPotentialFirstInputDelay": 863,
  "timeToFirstByte": 67.368,
  "weight": {
    "summary": "37 requests • 926 KiB",
    "total": 947860,
    "image": 128313,
    "imageCount": 18,
    "script": 532859,
    "scriptCount": 8,
    "document": 151140,
    "font": 34152,
    "fontCount": 1,
    "stylesheet": 14512,
    "stylesheetCount": 3,
    "thirdParty": 54738,
    "thirdPartyCount": 7
  },
  "run": {
    "number": 2,
    "total": 3
  },
  "axe": {
    "passes": 1680,
    "violations": 5
  }
}