{
  "url": "https://www.emcasa.com/",
  "requestedUrl": "https://www.emcasa.com/",
  "timestamp": 1648966393252,
  "ranks": {
    "hundos": 1,
    "performance": 1,
    "accessibility": 1,
    "cumulative": 1
  },
  "lighthouse": {
    "version": "9.5.0",
    "performance": 0.3,
    "accessibility": 0.98,
    "bestPractices": 0.92,
    "seo": 1,
    "total": 322
  },
  "firstContentfulPaint": 5752.247000000001,
  "firstMeaningfulPaint": 5752.247000000001,
  "speedIndex": 5983.352038467774,
  "largestContentfulPaint": 6816.783,
  "totalBlockingTime": 1355.499999999999,
  "cumulativeLayoutShift": 0.002178615993923611,
  "timeToInteractive": 9043.579000000002,
  "maxPotentialFirstInputDelay": 1144.999999999999,
  "timeToFirstByte": 35.413,
  "weight": {
    "summary": "52 requests • 1,028 KiB",
    "total": 1052957,
    "image": 126478,
    "imageCount": 16,
    "script": 651032,
    "scriptCount": 22,
    "document": 144856,
    "font": 34152,
    "fontCount": 1,
    "stylesheet": 13545,
    "stylesheetCount": 3,
    "thirdParty": 175928,
    "thirdPartyCount": 22
  },
  "run": {
    "number": 2,
    "total": 3
  },
  "axe": {
    "passes": 1000,
    "violations": 3
  }
}