{
  "url": "https://www.emcasa.com/",
  "requestedUrl": "https://www.emcasa.com/",
  "timestamp": 1652292853620,
  "ranks": {
    "hundos": 1,
    "performance": 1,
    "accessibility": 1,
    "cumulative": 1
  },
  "lighthouse": {
    "version": "9.6.1",
    "performance": 0.41,
    "accessibility": 0.98,
    "bestPractices": 0.83,
    "seo": 1,
    "total": 324
  },
  "firstContentfulPaint": 2524.1620000000003,
  "firstMeaningfulPaint": 2524.1620000000003,
  "speedIndex": 3238.5871633863917,
  "largestContentfulPaint": 7243.506000000001,
  "totalBlockingTime": 1284.000000000001,
  "cumulativeLayoutShift": 0.002178615993923611,
  "timeToInteractive": 8295.344000000001,
  "maxPotentialFirstInputDelay": 886,
  "timeToFirstByte": 67.017,
  "weight": {
    "summary": "40 requests • 946 KiB",
    "total": 968456,
    "image": 128335,
    "imageCount": 18,
    "script": 552565,
    "scriptCount": 10,
    "document": 151688,
    "font": 34153,
    "fontCount": 1,
    "stylesheet": 14534,
    "stylesheetCount": 3,
    "thirdParty": 74292,
    "thirdPartyCount": 9
  },
  "run": {
    "number": 3,
    "total": 3
  },
  "axe": {
    "passes": 1418,
    "violations": 5
  }
}