{
  "url": "https://www.emcasa.com/",
  "requestedUrl": "https://www.emcasa.com/",
  "timestamp": 1655144115891,
  "ranks": {
    "hundos": 1,
    "performance": 1,
    "accessibility": 1,
    "cumulative": 1
  },
  "lighthouse": {
    "version": "9.6.2",
    "performance": 0.36,
    "accessibility": 1,
    "bestPractices": 0.83,
    "seo": 1,
    "total": 319
  },
  "firstContentfulPaint": 5730.2429999999995,
  "firstMeaningfulPaint": 5730.2429999999995,
  "speedIndex": 5730.2429999999995,
  "largestContentfulPaint": 8468.882,
  "totalBlockingTime": 758.4999999999995,
  "cumulativeLayoutShift": 0.01975552707248264,
  "timeToInteractive": 8866.282,
  "maxPotentialFirstInputDelay": 1097.999999999999,
  "timeToFirstByte": 37.087999999999994,
  "weight": {
    "summary": "40 requests • 1,360 KiB",
    "total": 1392807,
    "image": 492052,
    "imageCount": 20,
    "script": 613408,
    "scriptCount": 9,
    "document": 150857,
    "font": 34152,
    "fontCount": 1,
    "stylesheet": 14834,
    "stylesheetCount": 3,
    "thirdParty": 133883,
    "thirdPartyCount": 9
  },
  "run": {
    "number": 3,
    "total": 3
  },
  "axe": {
    "passes": 664,
    "violations": 3
  }
}