{
  "url": "https://www.emcasa.com/",
  "requestedUrl": "https://www.emcasa.com/",
  "timestamp": 1653008187105,
  "ranks": {
    "hundos": 1,
    "performance": 1,
    "accessibility": 1,
    "cumulative": 1
  },
  "lighthouse": {
    "version": "9.6.1",
    "performance": 0.31,
    "accessibility": 1,
    "bestPractices": 0.83,
    "seo": 1,
    "total": 314
  },
  "firstContentfulPaint": 5855.121,
  "firstMeaningfulPaint": 5855.121,
  "speedIndex": 5855.121,
  "largestContentfulPaint": 6155.120999999999,
  "totalBlockingTime": 1586.000000000001,
  "cumulativeLayoutShift": 0.002178615993923611,
  "timeToInteractive": 8268.121000000001,
  "maxPotentialFirstInputDelay": 1164,
  "timeToFirstByte": 41.20099999999999,
  "weight": {
    "summary": "39 requests • 946 KiB",
    "total": 969131,
    "image": 128294,
    "imageCount": 18,
    "script": 554010,
    "scriptCount": 10,
    "document": 151147,
    "font": 34153,
    "fontCount": 1,
    "stylesheet": 14652,
    "stylesheetCount": 3,
    "thirdParty": 74348,
    "thirdPartyCount": 9
  },
  "run": {
    "number": 2,
    "total": 3
  },
  "axe": {
    "passes": 1680,
    "violations": 5
  }
}