{
  "url": "https://www.emcasa.com/",
  "requestedUrl": "https://www.emcasa.com/",
  "timestamp": 1654476949638,
  "ranks": {
    "hundos": 1,
    "performance": 1,
    "accessibility": 1,
    "cumulative": 1
  },
  "lighthouse": {
    "version": "9.6.1",
    "performance": 0.32,
    "accessibility": 1,
    "bestPractices": 0.83,
    "seo": 0.92,
    "total": 307
  },
  "firstContentfulPaint": 4678.717,
  "firstMeaningfulPaint": 4678.717,
  "speedIndex": 8490.38065587297,
  "largestContentfulPaint": 4678.717,
  "totalBlockingTime": 1423.185500000005,
  "cumulativeLayoutShift": 0.002178615993923611,
  "timeToInteractive": 14377.043,
  "maxPotentialFirstInputDelay": 892.0000000000018,
  "timeToFirstByte": 179.22299999999998,
  "weight": {
    "summary": "151 requests • 1,492 KiB",
    "total": 1527533,
    "image": 141162,
    "imageCount": 48,
    "script": 1071301,
    "scriptCount": 51,
    "document": 161942,
    "font": 34152,
    "fontCount": 1,
    "stylesheet": 14613,
    "stylesheetCount": 3,
    "thirdParty": 630649,
    "thirdPartyCount": 121
  },
  "run": {
    "number": 1,
    "total": 3
  },
  "axe": {
    "passes": 1141,
    "violations": 3
  }
}