{
  "url": "https://www.emcasa.com/",
  "requestedUrl": "https://www.emcasa.com/",
  "timestamp": 1652490514327,
  "ranks": {
    "hundos": 1,
    "performance": 1,
    "accessibility": 1,
    "cumulative": 1
  },
  "lighthouse": {
    "version": "9.6.1",
    "performance": 0.26,
    "accessibility": 0.98,
    "bestPractices": 0.83,
    "seo": 1,
    "total": 309
  },
  "firstContentfulPaint": 4963.060999999999,
  "firstMeaningfulPaint": 4963.060999999999,
  "speedIndex": 6405.555621785241,
  "largestContentfulPaint": 5456.048,
  "totalBlockingTime": 3130.2675000000027,
  "cumulativeLayoutShift": 0.002178615993923611,
  "timeToInteractive": 14661.199500000002,
  "maxPotentialFirstInputDelay": 1190.0000000000027,
  "timeToFirstByte": 54.336,
  "weight": {
    "summary": "149 requests • 1,488 KiB",
    "total": 1523985,
    "image": 139820,
    "imageCount": 46,
    "script": 1070589,
    "scriptCount": 52,
    "document": 161215,
    "font": 34153,
    "fontCount": 1,
    "stylesheet": 14526,
    "stylesheetCount": 3,
    "thirdParty": 630919,
    "thirdPartyCount": 119
  },
  "run": {
    "number": 2,
    "total": 3
  },
  "axe": {
    "passes": 1141,
    "violations": 3
  }
}