{
  "url": "https://www.emcasa.com/",
  "requestedUrl": "https://www.emcasa.com/",
  "timestamp": 1652552026919,
  "ranks": {
    "hundos": 1,
    "performance": 1,
    "accessibility": 1,
    "cumulative": 1
  },
  "lighthouse": {
    "version": "9.6.1",
    "performance": 0.37,
    "accessibility": 0.98,
    "bestPractices": 0.83,
    "seo": 1,
    "total": 320
  },
  "firstContentfulPaint": 5227.389999999999,
  "firstMeaningfulPaint": 5227.389999999999,
  "speedIndex": 5227.389999999999,
  "largestContentfulPaint": 5528.837999999999,
  "totalBlockingTime": 1288.2759999999998,
  "cumulativeLayoutShift": 0.002178615993923611,
  "timeToInteractive": 7387.181999999999,
  "maxPotentialFirstInputDelay": 685,
  "timeToFirstByte": 57.241,
  "weight": {
    "summary": "39 requests • 926 KiB",
    "total": 948310,
    "image": 128328,
    "imageCount": 18,
    "script": 532975,
    "scriptCount": 10,
    "document": 151457,
    "font": 34152,
    "fontCount": 1,
    "stylesheet": 14524,
    "stylesheetCount": 3,
    "thirdParty": 54775,
    "thirdPartyCount": 9
  },
  "run": {
    "number": 2,
    "total": 3
  },
  "axe": {
    "passes": 1418,
    "violations": 5
  }
}