{
  "url": "https://www.emcasa.com/",
  "requestedUrl": "https://www.emcasa.com/",
  "timestamp": 1650243443038,
  "ranks": {
    "hundos": 1,
    "performance": 1,
    "accessibility": 1,
    "cumulative": 1
  },
  "lighthouse": {
    "version": "9.5.0",
    "performance": 0.32,
    "accessibility": 1,
    "bestPractices": 0.92,
    "seo": 1,
    "total": 324
  },
  "firstContentfulPaint": 5421.722999999998,
  "firstMeaningfulPaint": 5421.722999999998,
  "speedIndex": 5421.722999999998,
  "largestContentfulPaint": 5725.574999999999,
  "totalBlockingTime": 1816.6110000000008,
  "cumulativeLayoutShift": 0.002178615993923611,
  "timeToInteractive": 8269.446,
  "maxPotentialFirstInputDelay": 992,
  "timeToFirstByte": 21.663,
  "weight": {
    "summary": "58 requests • 1,083 KiB",
    "total": 1109385,
    "image": 127271,
    "imageCount": 18,
    "script": 698666,
    "scriptCount": 24,
    "document": 149920,
    "font": 34152,
    "fontCount": 1,
    "stylesheet": 14027,
    "stylesheetCount": 3,
    "thirdParty": 224162,
    "thirdPartyCount": 29
  },
  "run": {
    "number": 2,
    "total": 3
  },
  "axe": {
    "passes": 1018,
    "violations": 3
  }
}