{
  "url": "https://www.emcasa.com/",
  "requestedUrl": "https://www.emcasa.com/",
  "timestamp": 1655014441947,
  "ranks": {
    "hundos": 1,
    "performance": 1,
    "accessibility": 1,
    "cumulative": 1
  },
  "lighthouse": {
    "version": "9.6.2",
    "performance": 0.37,
    "accessibility": 1,
    "bestPractices": 0.83,
    "seo": 1,
    "total": 320
  },
  "firstContentfulPaint": 2780.5430000000006,
  "firstMeaningfulPaint": 2780.5430000000006,
  "speedIndex": 5521.258474459382,
  "largestContentfulPaint": 8461.737000000001,
  "totalBlockingTime": 1071.81,
  "cumulativeLayoutShift": 0.01975552707248264,
  "timeToInteractive": 9480.203000000001,
  "maxPotentialFirstInputDelay": 796,
  "timeToFirstByte": 63.87700000000001,
  "weight": {
    "summary": "63 requests • 1,606 KiB",
    "total": 1644259,
    "image": 492177,
    "imageCount": 23,
    "script": 863220,
    "scriptCount": 23,
    "document": 151412,
    "font": 34150,
    "fontCount": 1,
    "stylesheet": 14781,
    "stylesheetCount": 3,
    "thirdParty": 384580,
    "thirdPartyCount": 31
  },
  "run": {
    "number": 1,
    "total": 3
  },
  "axe": {
    "passes": 664,
    "violations": 3
  }
}