{
  "url": "https://www.emcasa.com/",
  "requestedUrl": "https://www.emcasa.com/",
  "timestamp": 1650478388034,
  "ranks": {
    "hundos": 1,
    "performance": 1,
    "accessibility": 1,
    "cumulative": 1
  },
  "lighthouse": {
    "version": "9.5.0",
    "performance": 0.36,
    "accessibility": 0.98,
    "bestPractices": 0.83,
    "seo": 1,
    "total": 319
  },
  "firstContentfulPaint": 5240.263,
  "firstMeaningfulPaint": 5240.263,
  "speedIndex": 5632.714434136536,
  "largestContentfulPaint": 5414.255,
  "totalBlockingTime": 1295.0079999999984,
  "cumulativeLayoutShift": 0.002178615993923611,
  "timeToInteractive": 7809.190999999999,
  "maxPotentialFirstInputDelay": 614,
  "timeToFirstByte": 563.8399999999999,
  "weight": {
    "summary": "67 requests • 1,174 KiB",
    "total": 1202427,
    "image": 127471,
    "imageCount": 20,
    "script": 790608,
    "scriptCount": 31,
    "document": 150358,
    "font": 34151,
    "fontCount": 1,
    "stylesheet": 14045,
    "stylesheetCount": 3,
    "thirdParty": 317308,
    "thirdPartyCount": 38
  },
  "run": {
    "number": 1,
    "total": 3
  },
  "axe": {
    "passes": 1295,
    "violations": 5
  }
}