{
  "url": "https://www.emcasa.com/",
  "requestedUrl": "https://www.emcasa.com/",
  "timestamp": 1650416326649,
  "ranks": {
    "hundos": 1,
    "performance": 1,
    "accessibility": 1,
    "cumulative": 1
  },
  "lighthouse": {
    "version": "9.5.0",
    "performance": 0.36,
    "accessibility": 1,
    "bestPractices": 0.92,
    "seo": 1,
    "total": 328
  },
  "firstContentfulPaint": 5180.646000000001,
  "firstMeaningfulPaint": 5180.646000000001,
  "speedIndex": 5180.646000000001,
  "largestContentfulPaint": 5349.914000000001,
  "totalBlockingTime": 1409.999999999999,
  "cumulativeLayoutShift": 0.002178615993923611,
  "timeToInteractive": 7481.79,
  "maxPotentialFirstInputDelay": 619,
  "timeToFirstByte": 104.90899999999999,
  "weight": {
    "summary": "38 requests • 918 KiB",
    "total": 940047,
    "image": 127242,
    "imageCount": 17,
    "script": 530042,
    "scriptCount": 10,
    "document": 149257,
    "font": 34150,
    "fontCount": 1,
    "stylesheet": 14024,
    "stylesheetCount": 3,
    "thirdParty": 54732,
    "thirdPartyCount": 9
  },
  "run": {
    "number": 3,
    "total": 3
  },
  "axe": {
    "passes": 1295,
    "violations": 5
  }
}