{
  "url": "https://www.emcasa.com/",
  "requestedUrl": "https://www.emcasa.com/",
  "timestamp": 1655295634867,
  "ranks": {
    "hundos": 1,
    "performance": 1,
    "accessibility": 1,
    "cumulative": 1
  },
  "lighthouse": {
    "version": "9.6.2",
    "performance": 0.27,
    "accessibility": 1,
    "bestPractices": 0.83,
    "seo": 1,
    "total": 310
  },
  "firstContentfulPaint": 6212.531,
  "firstMeaningfulPaint": 6212.531,
  "speedIndex": 7097.631461250593,
  "largestContentfulPaint": 8969.021,
  "totalBlockingTime": 1302.0000000000018,
  "cumulativeLayoutShift": 0.01975552707248264,
  "timeToInteractive": 9084.736,
  "maxPotentialFirstInputDelay": 1114,
  "timeToFirstByte": 53.14099999999999,
  "weight": {
    "summary": "56 requests • 1,525 KiB",
    "total": 1561263,
    "image": 491822,
    "imageCount": 21,
    "script": 781118,
    "scriptCount": 20,
    "document": 151507,
    "font": 34153,
    "fontCount": 1,
    "stylesheet": 14837,
    "stylesheetCount": 3,
    "thirdParty": 301592,
    "thirdPartyCount": 24
  },
  "run": {
    "number": 2,
    "total": 3
  },
  "axe": {
    "passes": 664,
    "violations": 3
  }
}