{
  "url": "https://www.emcasa.com/",
  "requestedUrl": "https://www.emcasa.com/",
  "timestamp": 1654562764611,
  "ranks": {
    "hundos": 1,
    "performance": 1,
    "accessibility": 1,
    "cumulative": 1
  },
  "lighthouse": {
    "version": "9.6.1",
    "performance": 0.31,
    "accessibility": 1,
    "bestPractices": 0.83,
    "seo": 1,
    "total": 314
  },
  "firstContentfulPaint": 5602.572999999999,
  "firstMeaningfulPaint": 5602.572999999999,
  "speedIndex": 7301.10665983338,
  "largestContentfulPaint": 5602.572999999999,
  "totalBlockingTime": 1253.6499999999987,
  "cumulativeLayoutShift": 0.002178615993923611,
  "timeToInteractive": 9383.398,
  "maxPotentialFirstInputDelay": 677.9999999999973,
  "timeToFirstByte": 129.224,
  "weight": {
    "summary": "39 requests • 1,031 KiB",
    "total": 1055451,
    "image": 128319,
    "imageCount": 18,
    "script": 638577,
    "scriptCount": 9,
    "document": 152016,
    "font": 34152,
    "fontCount": 1,
    "stylesheet": 14622,
    "stylesheetCount": 3,
    "thirdParty": 158515,
    "thirdPartyCount": 9
  },
  "run": {
    "number": 1,
    "total": 3
  },
  "axe": {
    "passes": 1141,
    "violations": 3
  }
}