{
  "url": "https://www.emcasa.com/",
  "requestedUrl": "https://www.emcasa.com/",
  "timestamp": 1651193578249,
  "ranks": {
    "hundos": 1,
    "performance": 1,
    "accessibility": 1,
    "cumulative": 1
  },
  "lighthouse": {
    "version": "9.5.0",
    "performance": 0.34,
    "accessibility": 0.98,
    "bestPractices": 0.83,
    "seo": 0.99,
    "total": 314
  },
  "firstContentfulPaint": 5662.143000000001,
  "firstMeaningfulPaint": 5662.143000000001,
  "speedIndex": 5662.143000000001,
  "largestContentfulPaint": 6743.371500000001,
  "totalBlockingTime": 1150.4999999999995,
  "cumulativeLayoutShift": 0.002178615993923611,
  "timeToInteractive": 7067.919,
  "maxPotentialFirstInputDelay": 873,
  "timeToFirstByte": 58.632,
  "weight": {
    "summary": "36 requests • 919 KiB",
    "total": 940937,
    "image": 127258,
    "imageCount": 17,
    "script": 530101,
    "scriptCount": 8,
    "document": 149617,
    "font": 34152,
    "fontCount": 1,
    "stylesheet": 14024,
    "stylesheetCount": 3,
    "thirdParty": 54736,
    "thirdPartyCount": 7
  },
  "run": {
    "number": 2,
    "total": 3
  },
  "axe": {
    "passes": 1295,
    "violations": 5
  }
}