{
  "url": "https://www.emcasa.com/",
  "requestedUrl": "https://www.emcasa.com/",
  "timestamp": 1656378060669,
  "ranks": {
    "hundos": 1,
    "performance": 1,
    "accessibility": 1,
    "cumulative": 1
  },
  "lighthouse": {
    "version": "9.6.2",
    "performance": 0.48,
    "accessibility": 1,
    "bestPractices": 0.83,
    "seo": 1,
    "total": 331
  },
  "firstContentfulPaint": 2909.3199999999993,
  "firstMeaningfulPaint": 2909.3199999999993,
  "speedIndex": 3851.013202863799,
  "largestContentfulPaint": 8067.227000000001,
  "totalBlockingTime": 585.4999999999995,
  "cumulativeLayoutShift": 0.01975552707248264,
  "timeToInteractive": 8523.2675,
  "maxPotentialFirstInputDelay": 811.9999999999991,
  "timeToFirstByte": 33.31999999999999,
  "weight": {
    "summary": "40 requests • 1,286 KiB",
    "total": 1316569,
    "image": 491826,
    "imageCount": 20,
    "script": 536437,
    "scriptCount": 9,
    "document": 151405,
    "font": 34152,
    "fontCount": 1,
    "stylesheet": 14884,
    "stylesheetCount": 3,
    "thirdParty": 55065,
    "thirdPartyCount": 9
  },
  "run": {
    "number": 3,
    "total": 3
  },
  "axe": {
    "passes": 776,
    "violations": 3
  }
}