{
  "url": "https://www.emcasa.com/",
  "requestedUrl": "https://www.emcasa.com/",
  "timestamp": 1651256022888,
  "ranks": {
    "hundos": 1,
    "performance": 1,
    "accessibility": 1,
    "cumulative": 1
  },
  "lighthouse": {
    "version": "9.5.0",
    "performance": 0.4,
    "accessibility": 1,
    "bestPractices": 0.83,
    "seo": 1,
    "total": 323
  },
  "firstContentfulPaint": 2651.2200000000003,
  "firstMeaningfulPaint": 2651.2200000000003,
  "speedIndex": 4006.9538651666835,
  "largestContentfulPaint": 6511.847999999999,
  "totalBlockingTime": 1509.500000000001,
  "cumulativeLayoutShift": 0.002178615993923611,
  "timeToInteractive": 7865.720000000001,
  "maxPotentialFirstInputDelay": 931,
  "timeToFirstByte": 59.92699999999999,
  "weight": {
    "summary": "38 requests • 919 KiB",
    "total": 940942,
    "image": 127253,
    "imageCount": 17,
    "script": 530087,
    "scriptCount": 10,
    "document": 149622,
    "font": 34152,
    "fontCount": 1,
    "stylesheet": 14034,
    "stylesheetCount": 3,
    "thirdParty": 54733,
    "thirdPartyCount": 9
  },
  "run": {
    "number": 3,
    "total": 3
  },
  "axe": {
    "passes": 1018,
    "violations": 3
  }
}