{
  "url": "https://www.emcasa.com/",
  "requestedUrl": "https://www.emcasa.com/",
  "timestamp": 1648729139280,
  "ranks": {
    "hundos": 1,
    "performance": 1,
    "accessibility": 1,
    "cumulative": 1
  },
  "lighthouse": {
    "version": "9.5.0",
    "performance": 0.36,
    "accessibility": 0.98,
    "bestPractices": 0.92,
    "seo": 1,
    "total": 328
  },
  "firstContentfulPaint": 5116.64,
  "firstMeaningfulPaint": 5116.64,
  "speedIndex": 5116.64,
  "largestContentfulPaint": 5116.64,
  "totalBlockingTime": 1628,
  "cumulativeLayoutShift": 0.002178615993923611,
  "timeToInteractive": 7611.216,
  "maxPotentialFirstInputDelay": 710,
  "timeToFirstByte": 43.792,
  "weight": {
    "summary": "36 requests • 909 KiB",
    "total": 931248,
    "image": 126497,
    "imageCount": 16,
    "script": 529315,
    "scriptCount": 8,
    "document": 144849,
    "font": 34152,
    "fontCount": 1,
    "stylesheet": 13542,
    "stylesheetCount": 3,
    "thirdParty": 53973,
    "thirdPartyCount": 6
  },
  "run": {
    "number": 2,
    "total": 3
  },
  "axe": {
    "passes": 1516,
    "violations": 5
  }
}