{
  "url": "https://www.emcasa.com/",
  "requestedUrl": "https://www.emcasa.com/",
  "timestamp": 1652834722578,
  "ranks": {
    "hundos": 1,
    "performance": 1,
    "accessibility": 1,
    "cumulative": 1
  },
  "lighthouse": {
    "version": "9.6.1",
    "performance": 0.62,
    "accessibility": 1,
    "bestPractices": 0.83,
    "seo": 1,
    "total": 345
  },
  "firstContentfulPaint": 2750.5979999999995,
  "firstMeaningfulPaint": 2750.5979999999995,
  "speedIndex": 3249.6522437026792,
  "largestContentfulPaint": 2750.5979999999995,
  "totalBlockingTime": 1133.999999999999,
  "cumulativeLayoutShift": 0.002178615993923611,
  "timeToInteractive": 7785.372999999998,
  "maxPotentialFirstInputDelay": 887,
  "timeToFirstByte": 48.63999999999999,
  "weight": {
    "summary": "52 requests • 1,027 KiB",
    "total": 1051345,
    "image": 128310,
    "imageCount": 18,
    "script": 636201,
    "scriptCount": 22,
    "document": 151287,
    "font": 34152,
    "fontCount": 1,
    "stylesheet": 14512,
    "stylesheetCount": 3,
    "thirdParty": 158041,
    "thirdPartyCount": 22
  },
  "run": {
    "number": 3,
    "total": 3
  },
  "axe": {
    "passes": 1141,
    "violations": 3
  }
}