{
  "url": "https://www.emcasa.com/",
  "requestedUrl": "https://www.emcasa.com/",
  "timestamp": 1654280028236,
  "ranks": {
    "hundos": 1,
    "performance": 1,
    "accessibility": 1,
    "cumulative": 1
  },
  "lighthouse": {
    "version": "9.6.1",
    "performance": 0.59,
    "accessibility": 1,
    "bestPractices": 0.83,
    "seo": 1,
    "total": 342
  },
  "firstContentfulPaint": 2938.574,
  "firstMeaningfulPaint": 2938.574,
  "speedIndex": 3013.9782546815013,
  "largestContentfulPaint": 3320.465,
  "totalBlockingTime": 1054.8514999999998,
  "cumulativeLayoutShift": 0.002178615993923611,
  "timeToInteractive": 7466.9595,
  "maxPotentialFirstInputDelay": 777,
  "timeToFirstByte": 24.485999999999997,
  "weight": {
    "summary": "38 requests • 929 KiB",
    "total": 951002,
    "image": 128379,
    "imageCount": 18,
    "script": 535100,
    "scriptCount": 9,
    "document": 151309,
    "font": 34152,
    "fontCount": 1,
    "stylesheet": 14622,
    "stylesheetCount": 3,
    "thirdParty": 55065,
    "thirdPartyCount": 9
  },
  "run": {
    "number": 3,
    "total": 3
  },
  "axe": {
    "passes": 1189,
    "violations": 3
  }
}