{
  "url": "https://www.emcasa.com/",
  "requestedUrl": "https://www.emcasa.com/",
  "timestamp": 1655360026576,
  "ranks": {
    "hundos": 1,
    "performance": 1,
    "accessibility": 1,
    "cumulative": 1
  },
  "lighthouse": {
    "version": "9.6.2",
    "performance": 0.39,
    "accessibility": 1,
    "bestPractices": 0.83,
    "seo": 1,
    "total": 322
  },
  "firstContentfulPaint": 4290.218,
  "firstMeaningfulPaint": 4290.218,
  "speedIndex": 4420.524829262076,
  "largestContentfulPaint": 7892.869999999998,
  "totalBlockingTime": 816.0000000000005,
  "cumulativeLayoutShift": 0.01975552707248264,
  "timeToInteractive": 8727.104,
  "maxPotentialFirstInputDelay": 1005.0000000000009,
  "timeToFirstByte": 39.179,
  "weight": {
    "summary": "40 requests • 1,283 KiB",
    "total": 1313861,
    "image": 491792,
    "imageCount": 20,
    "script": 534571,
    "scriptCount": 9,
    "document": 151009,
    "font": 34151,
    "fontCount": 1,
    "stylesheet": 14834,
    "stylesheetCount": 3,
    "thirdParty": 55066,
    "thirdPartyCount": 9
  },
  "run": {
    "number": 2,
    "total": 3
  },
  "axe": {
    "passes": 664,
    "violations": 3
  }
}