{
  "url": "https://www.emcasa.com/",
  "requestedUrl": "https://www.emcasa.com/",
  "timestamp": 1654539232258,
  "ranks": {
    "hundos": 1,
    "performance": 1,
    "accessibility": 1,
    "cumulative": 1
  },
  "lighthouse": {
    "version": "9.6.1",
    "performance": 0.53,
    "accessibility": 0.98,
    "bestPractices": 0.83,
    "seo": 1,
    "total": 336
  },
  "firstContentfulPaint": 2501.721,
  "firstMeaningfulPaint": 2501.721,
  "speedIndex": 4375.524852161852,
  "largestContentfulPaint": 3137.5204999999996,
  "totalBlockingTime": 2034.866,
  "cumulativeLayoutShift": 0.002178615993923611,
  "timeToInteractive": 9161.436,
  "maxPotentialFirstInputDelay": 1441,
  "timeToFirstByte": 51.410000000000004,
  "weight": {
    "summary": "39 requests • 929 KiB",
    "total": 951670,
    "image": 128318,
    "imageCount": 18,
    "script": 535126,
    "scriptCount": 9,
    "document": 151692,
    "font": 34152,
    "fontCount": 1,
    "stylesheet": 14620,
    "stylesheetCount": 3,
    "thirdParty": 55062,
    "thirdPartyCount": 9
  },
  "run": {
    "number": 3,
    "total": 3
  },
  "axe": {
    "passes": 1189,
    "violations": 3
  }
}