{
  "url": "https://www.emcasa.com/",
  "requestedUrl": "https://www.emcasa.com/",
  "timestamp": 1652120042169,
  "ranks": {
    "hundos": 1,
    "performance": 1,
    "accessibility": 1,
    "cumulative": 1
  },
  "lighthouse": {
    "version": "9.5.0",
    "performance": 0.36,
    "accessibility": 0.98,
    "bestPractices": 0.83,
    "seo": 1,
    "total": 319
  },
  "firstContentfulPaint": 4595.081,
  "firstMeaningfulPaint": 4595.081,
  "speedIndex": 4764.83907343893,
  "largestContentfulPaint": 7365.5965,
  "totalBlockingTime": 1010.0230000000001,
  "cumulativeLayoutShift": 0.002178615993923611,
  "timeToInteractive": 8156.3679999999995,
  "maxPotentialFirstInputDelay": 808,
  "timeToFirstByte": 57.666000000000004,
  "weight": {
    "summary": "40 requests • 926 KiB",
    "total": 948717,
    "image": 128297,
    "imageCount": 18,
    "script": 532936,
    "scriptCount": 10,
    "document": 151603,
    "font": 34153,
    "fontCount": 1,
    "stylesheet": 14522,
    "stylesheetCount": 3,
    "thirdParty": 54741,
    "thirdPartyCount": 9
  },
  "run": {
    "number": 2,
    "total": 3
  },
  "axe": {
    "passes": 1680,
    "violations": 5
  }
}