{
  "url": "https://www.emcasa.com/",
  "requestedUrl": "https://www.emcasa.com/",
  "timestamp": 1655986956032,
  "ranks": {
    "hundos": 1,
    "performance": 1,
    "accessibility": 1,
    "cumulative": 1
  },
  "lighthouse": {
    "version": "9.6.2",
    "performance": 0.33,
    "accessibility": 1,
    "bestPractices": 0.83,
    "seo": 1,
    "total": 316
  },
  "firstContentfulPaint": 5505.132,
  "firstMeaningfulPaint": 5505.132,
  "speedIndex": 5505.132,
  "largestContentfulPaint": 8029.223999999999,
  "totalBlockingTime": 1150.4999999999995,
  "cumulativeLayoutShift": 0.01975552707248264,
  "timeToInteractive": 7593.6759999999995,
  "maxPotentialFirstInputDelay": 842,
  "timeToFirstByte": 45.954,
  "weight": {
    "summary": "40 requests • 1,284 KiB",
    "total": 1315290,
    "image": 491791,
    "imageCount": 20,
    "script": 534599,
    "scriptCount": 9,
    "document": 152048,
    "font": 34152,
    "fontCount": 1,
    "stylesheet": 14837,
    "stylesheetCount": 3,
    "thirdParty": 55119,
    "thirdPartyCount": 9
  },
  "run": {
    "number": 3,
    "total": 3
  },
  "axe": {
    "passes": 664,
    "violations": 3
  }
}