{
  "url": "https://www.emcasa.com/",
  "requestedUrl": "https://www.emcasa.com/",
  "timestamp": 1656223975436,
  "ranks": {
    "hundos": 1,
    "performance": 1,
    "accessibility": 1,
    "cumulative": 1
  },
  "lighthouse": {
    "version": "9.6.2",
    "performance": 0.43,
    "accessibility": 1,
    "bestPractices": 0.83,
    "seo": 1,
    "total": 326
  },
  "firstContentfulPaint": 4272.992,
  "firstMeaningfulPaint": 4272.992,
  "speedIndex": 4643.967456560028,
  "largestContentfulPaint": 8230.901000000002,
  "totalBlockingTime": 597.5000000000005,
  "cumulativeLayoutShift": 0.01975552707248264,
  "timeToInteractive": 8179.2970000000005,
  "maxPotentialFirstInputDelay": 725.0000000000009,
  "timeToFirstByte": 45.426,
  "weight": {
    "summary": "40 requests • 1,286 KiB",
    "total": 1316727,
    "image": 491861,
    "imageCount": 20,
    "script": 536563,
    "scriptCount": 9,
    "document": 151410,
    "font": 34151,
    "fontCount": 1,
    "stylesheet": 14879,
    "stylesheetCount": 3,
    "thirdParty": 55066,
    "thirdPartyCount": 9
  },
  "run": {
    "number": 2,
    "total": 3
  },
  "axe": {
    "passes": 664,
    "violations": 3
  }
}