{
  "url": "https://www.emcasa.com/",
  "requestedUrl": "https://www.emcasa.com/",
  "timestamp": 1655900513971,
  "ranks": {
    "hundos": 1,
    "performance": 1,
    "accessibility": 1,
    "cumulative": 1
  },
  "lighthouse": {
    "version": "9.6.2",
    "performance": 0.35,
    "accessibility": 1,
    "bestPractices": 0.83,
    "seo": 1,
    "total": 318
  },
  "firstContentfulPaint": 5424.830999999999,
  "firstMeaningfulPaint": 5424.830999999999,
  "speedIndex": 5424.830999999999,
  "largestContentfulPaint": 8021.537,
  "totalBlockingTime": 961.578,
  "cumulativeLayoutShift": 0.01975552707248264,
  "timeToInteractive": 7478.473,
  "maxPotentialFirstInputDelay": 810,
  "timeToFirstByte": 30.295999999999992,
  "weight": {
    "summary": "40 requests • 1,284 KiB",
    "total": 1315237,
    "image": 491794,
    "imageCount": 20,
    "script": 534535,
    "scriptCount": 9,
    "document": 152058,
    "font": 34152,
    "fontCount": 1,
    "stylesheet": 14836,
    "stylesheetCount": 3,
    "thirdParty": 55068,
    "thirdPartyCount": 9
  },
  "run": {
    "number": 1,
    "total": 3
  },
  "axe": {
    "passes": 664,
    "violations": 3
  }
}