{
  "url": "https://www.emcasa.com/",
  "requestedUrl": "https://www.emcasa.com/",
  "timestamp": 1654064389602,
  "ranks": {
    "hundos": 1,
    "performance": 1,
    "accessibility": 1,
    "cumulative": 1
  },
  "lighthouse": {
    "version": "9.6.1",
    "performance": 0.6,
    "accessibility": 0.98,
    "bestPractices": 0.83,
    "seo": 1,
    "total": 343
  },
  "firstContentfulPaint": 3004.456,
  "firstMeaningfulPaint": 3004.456,
  "speedIndex": 3625.1135654692443,
  "largestContentfulPaint": 3004.456,
  "totalBlockingTime": 990.0425000000014,
  "cumulativeLayoutShift": 0.002178615993923611,
  "timeToInteractive": 8855.371500000001,
  "maxPotentialFirstInputDelay": 917.0000000000009,
  "timeToFirstByte": 47.80799999999999,
  "weight": {
    "summary": "39 requests • 1,012 KiB",
    "total": 1036077,
    "image": 128322,
    "imageCount": 18,
    "script": 619338,
    "scriptCount": 9,
    "document": 151911,
    "font": 34152,
    "fontCount": 1,
    "stylesheet": 14692,
    "stylesheetCount": 3,
    "thirdParty": 138917,
    "thirdPartyCount": 9
  },
  "run": {
    "number": 2,
    "total": 3
  },
  "axe": {
    "passes": 1441,
    "violations": 5
  }
}