{
  "url": "https://www.emcasa.com/",
  "requestedUrl": "https://www.emcasa.com/",
  "timestamp": 1649506629539,
  "ranks": {
    "hundos": 1,
    "performance": 1,
    "accessibility": 1,
    "cumulative": 1
  },
  "lighthouse": {
    "version": "9.5.0",
    "performance": 0.33,
    "accessibility": 0.98,
    "bestPractices": 0.92,
    "seo": 1,
    "total": 325
  },
  "firstContentfulPaint": 6021.338999999999,
  "firstMeaningfulPaint": 6021.338999999999,
  "speedIndex": 6021.338999999999,
  "largestContentfulPaint": 6406.472999999998,
  "totalBlockingTime": 1157.7560000000008,
  "cumulativeLayoutShift": 0.002178615993923611,
  "timeToInteractive": 8243.997,
  "maxPotentialFirstInputDelay": 833,
  "timeToFirstByte": 22.278000000000006,
  "weight": {
    "summary": "85 requests • 1,413 KiB",
    "total": 1446444,
    "image": 127443,
    "imageCount": 24,
    "script": 1035349,
    "scriptCount": 39,
    "document": 148202,
    "font": 34152,
    "fontCount": 1,
    "stylesheet": 14008,
    "stylesheetCount": 3,
    "thirdParty": 565367,
    "thirdPartyCount": 56
  },
  "run": {
    "number": 3,
    "total": 3
  },
  "axe": {
    "passes": 1516,
    "violations": 5
  }
}