{
  "url": "https://www.emcasa.com/",
  "requestedUrl": "https://www.emcasa.com/",
  "timestamp": 1650975712298,
  "ranks": {
    "hundos": 1,
    "performance": 1,
    "accessibility": 1,
    "cumulative": 1
  },
  "lighthouse": {
    "version": "9.5.0",
    "performance": 0.47,
    "accessibility": 0.98,
    "bestPractices": 0.83,
    "seo": 1,
    "total": 330
  },
  "firstContentfulPaint": 2983.5440000000003,
  "firstMeaningfulPaint": 2983.5440000000003,
  "speedIndex": 7108.209560357806,
  "largestContentfulPaint": 3286.322,
  "totalBlockingTime": 1736.9999999999973,
  "cumulativeLayoutShift": 0.002178615993923611,
  "timeToInteractive": 8735.769,
  "maxPotentialFirstInputDelay": 1242,
  "timeToFirstByte": 1630.498,
  "weight": {
    "summary": "99 requests • 1,420 KiB",
    "total": 1454106,
    "image": 128753,
    "imageCount": 27,
    "script": 1032656,
    "scriptCount": 44,
    "document": 152359,
    "font": 34152,
    "fontCount": 1,
    "stylesheet": 14021,
    "stylesheetCount": 3,
    "thirdParty": 567620,
    "thirdPartyCount": 70
  },
  "run": {
    "number": 1,
    "total": 3
  },
  "axe": {
    "passes": 1018,
    "violations": 3
  }
}