{
  "url": "https://www.emcasa.com/",
  "requestedUrl": "https://www.emcasa.com/",
  "timestamp": 1655468599675,
  "ranks": {
    "hundos": 1,
    "performance": 1,
    "accessibility": 1,
    "cumulative": 1
  },
  "lighthouse": {
    "version": "9.6.2",
    "performance": 0.35,
    "accessibility": 1,
    "bestPractices": 0.83,
    "seo": 1,
    "total": 318
  },
  "firstContentfulPaint": 3318.0859999999993,
  "firstMeaningfulPaint": 3318.0859999999993,
  "speedIndex": 4463.364991718207,
  "largestContentfulPaint": 8348.713999999998,
  "totalBlockingTime": 1429.6580000000004,
  "cumulativeLayoutShift": 0.01875,
  "timeToInteractive": 8683.965,
  "maxPotentialFirstInputDelay": 969,
  "timeToFirstByte": 35.845,
  "weight": {
    "summary": "69 requests • 1,647 KiB",
    "total": 1686129,
    "image": 493512,
    "imageCount": 26,
    "script": 901761,
    "scriptCount": 25,
    "document": 151292,
    "font": 34153,
    "fontCount": 1,
    "stylesheet": 14843,
    "stylesheetCount": 3,
    "thirdParty": 427017,
    "thirdPartyCount": 38
  },
  "run": {
    "number": 1,
    "total": 3
  },
  "axe": {
    "passes": 1021,
    "violations": 5
  }
}