{
  "url": "https://www.emcasa.com/",
  "requestedUrl": "https://www.emcasa.com/",
  "timestamp": 1653180869108,
  "ranks": {
    "hundos": 1,
    "performance": 1,
    "accessibility": 1,
    "cumulative": 1
  },
  "lighthouse": {
    "version": "9.6.1",
    "performance": 0.59,
    "accessibility": 1,
    "bestPractices": 0.83,
    "seo": 1,
    "total": 342
  },
  "firstContentfulPaint": 2777.034,
  "firstMeaningfulPaint": 2777.034,
  "speedIndex": 3394.61567002218,
  "largestContentfulPaint": 3228.3179999999998,
  "totalBlockingTime": 1134,
  "cumulativeLayoutShift": 0.002178615993923611,
  "timeToInteractive": 7520.878,
  "maxPotentialFirstInputDelay": 879,
  "timeToFirstByte": 54.583,
  "weight": {
    "summary": "39 requests • 927 KiB",
    "total": 949706,
    "image": 128316,
    "imageCount": 18,
    "script": 534437,
    "scriptCount": 10,
    "document": 151225,
    "font": 34153,
    "fontCount": 1,
    "stylesheet": 14653,
    "stylesheetCount": 3,
    "thirdParty": 54796,
    "thirdPartyCount": 9
  },
  "run": {
    "number": 2,
    "total": 3
  },
  "axe": {
    "passes": 1141,
    "violations": 3
  }
}