{
  "url": "https://www.emcasa.com/",
  "requestedUrl": "https://www.emcasa.com/",
  "timestamp": 1655554662428,
  "ranks": {
    "hundos": 1,
    "performance": 1,
    "accessibility": 1,
    "cumulative": 1
  },
  "lighthouse": {
    "version": "9.6.2",
    "performance": 0.31,
    "accessibility": 1,
    "bestPractices": 0.83,
    "seo": 1,
    "total": 314
  },
  "firstContentfulPaint": 3030.484,
  "firstMeaningfulPaint": 3030.484,
  "speedIndex": 6070.170471805194,
  "largestContentfulPaint": 8115.4259999999995,
  "totalBlockingTime": 1335.211000000002,
  "cumulativeLayoutShift": 0.01875,
  "timeToInteractive": 12323.655000000002,
  "maxPotentialFirstInputDelay": 958.0000000000018,
  "timeToFirstByte": 68.86399999999999,
  "weight": {
    "summary": "112 requests • 1,709 KiB",
    "total": 1749901,
    "image": 503338,
    "imageCount": 45,
    "script": 939640,
    "scriptCount": 29,
    "document": 158987,
    "font": 34153,
    "fontCount": 1,
    "stylesheet": 14834,
    "stylesheetCount": 3,
    "thirdParty": 490663,
    "thirdPartyCount": 81
  },
  "run": {
    "number": 1,
    "total": 3
  },
  "axe": {
    "passes": 776,
    "violations": 3
  }
}