{
  "url": "https://www.emcasa.com/",
  "requestedUrl": "https://www.emcasa.com/",
  "timestamp": 1650675007430,
  "ranks": {
    "hundos": 1,
    "performance": 1,
    "accessibility": 1,
    "cumulative": 1
  },
  "lighthouse": {
    "version": "9.5.0",
    "performance": 0.33,
    "accessibility": 0.98,
    "bestPractices": 0.83,
    "seo": 1,
    "total": 316
  },
  "firstContentfulPaint": 5704.575000000001,
  "firstMeaningfulPaint": 5704.575000000001,
  "speedIndex": 5704.575000000001,
  "largestContentfulPaint": 5704.575000000001,
  "totalBlockingTime": 1425.4999999999995,
  "cumulativeLayoutShift": 0.002178615993923611,
  "timeToInteractive": 8047.491,
  "maxPotentialFirstInputDelay": 690,
  "timeToFirstByte": 62.95900000000002,
  "weight": {
    "summary": "38 requests • 918 KiB",
    "total": 940092,
    "image": 127257,
    "imageCount": 17,
    "script": 530061,
    "scriptCount": 10,
    "document": 149261,
    "font": 34151,
    "fontCount": 1,
    "stylesheet": 14029,
    "stylesheetCount": 3,
    "thirdParty": 54736,
    "thirdPartyCount": 9
  },
  "run": {
    "number": 2,
    "total": 3
  },
  "axe": {
    "passes": 1018,
    "violations": 3
  }
}