{
  "url": "https://www.emcasa.com/",
  "requestedUrl": "https://www.emcasa.com/",
  "timestamp": 1656396888215,
  "ranks": {
    "hundos": 1,
    "performance": 1,
    "accessibility": 1,
    "cumulative": 1
  },
  "lighthouse": {
    "version": "9.6.2",
    "performance": 0.37,
    "accessibility": 1,
    "bestPractices": 0.83,
    "seo": 1,
    "total": 320
  },
  "firstContentfulPaint": 5365.892000000002,
  "firstMeaningfulPaint": 5365.892000000002,
  "speedIndex": 5365.892000000002,
  "largestContentfulPaint": 7972.698000000002,
  "totalBlockingTime": 917.4389999999999,
  "cumulativeLayoutShift": 0.01975552707248264,
  "timeToInteractive": 6738.307000000001,
  "maxPotentialFirstInputDelay": 777,
  "timeToFirstByte": 22.58,
  "weight": {
    "summary": "38 requests • 1,286 KiB",
    "total": 1316507,
    "image": 491799,
    "imageCount": 20,
    "script": 536401,
    "scriptCount": 7,
    "document": 151407,
    "font": 34152,
    "fontCount": 1,
    "stylesheet": 14884,
    "stylesheetCount": 3,
    "thirdParty": 55065,
    "thirdPartyCount": 7
  },
  "run": {
    "number": 3,
    "total": 3
  },
  "axe": {
    "passes": 1021,
    "violations": 5
  }
}