{
  "url": "https://www.emcasa.com/",
  "requestedUrl": "https://www.emcasa.com/",
  "timestamp": 1652681832051,
  "ranks": {
    "hundos": 1,
    "performance": 1,
    "accessibility": 1,
    "cumulative": 1
  },
  "lighthouse": {
    "version": "9.6.1",
    "performance": 0.32,
    "accessibility": 0.98,
    "bestPractices": 0.83,
    "seo": 0.99,
    "total": 312
  },
  "firstContentfulPaint": 3090.3290000000006,
  "firstMeaningfulPaint": 3090.3290000000006,
  "speedIndex": 4547.929857343045,
  "largestContentfulPaint": 8154.044000000002,
  "totalBlockingTime": 2369.409999999999,
  "cumulativeLayoutShift": 0.002178615993923611,
  "timeToInteractive": 8757.639000000001,
  "maxPotentialFirstInputDelay": 1463,
  "timeToFirstByte": 49.724999999999994,
  "weight": {
    "summary": "37 requests • 926 KiB",
    "total": 947993,
    "image": 128328,
    "imageCount": 18,
    "script": 532756,
    "scriptCount": 8,
    "document": 151342,
    "font": 34152,
    "fontCount": 1,
    "stylesheet": 14532,
    "stylesheetCount": 3,
    "thirdParty": 54733,
    "thirdPartyCount": 7
  },
  "run": {
    "number": 3,
    "total": 3
  },
  "axe": {
    "passes": 1418,
    "violations": 5
  }
}