{
  "url": "https://www.emcasa.com/",
  "requestedUrl": "https://www.emcasa.com/",
  "timestamp": 1656073295848,
  "ranks": {
    "hundos": 1,
    "performance": 1,
    "accessibility": 1,
    "cumulative": 1
  },
  "lighthouse": {
    "version": "9.6.2",
    "performance": 0.24,
    "accessibility": 1,
    "bestPractices": 0.83,
    "seo": 1,
    "total": 307
  },
  "firstContentfulPaint": 4487.317999999999,
  "firstMeaningfulPaint": 4487.317999999999,
  "speedIndex": 6903.874465915946,
  "largestContentfulPaint": 8235.143,
  "totalBlockingTime": 1804.6814999999988,
  "cumulativeLayoutShift": 0.01875,
  "timeToInteractive": 12452.155999999995,
  "maxPotentialFirstInputDelay": 913.9999999999982,
  "timeToFirstByte": 43.111,
  "weight": {
    "summary": "127 requests • 1,717 KiB",
    "total": 1758469,
    "image": 507400,
    "imageCount": 59,
    "script": 944281,
    "scriptCount": 29,
    "document": 158973,
    "font": 34152,
    "fontCount": 1,
    "stylesheet": 14837,
    "stylesheetCount": 3,
    "thirdParty": 497083,
    "thirdPartyCount": 96
  },
  "run": {
    "number": 2,
    "total": 3
  },
  "axe": {
    "passes": 776,
    "violations": 3
  }
}