{
  "url": "https://www.emcasa.com/",
  "requestedUrl": "https://www.emcasa.com/",
  "timestamp": 1649916856053,
  "ranks": {
    "hundos": 1,
    "performance": 1,
    "accessibility": 1,
    "cumulative": 1
  },
  "lighthouse": {
    "version": "9.5.0",
    "performance": 0.36,
    "accessibility": 0.98,
    "bestPractices": 0.92,
    "seo": 1,
    "total": 328
  },
  "firstContentfulPaint": 4485.459000000001,
  "firstMeaningfulPaint": 4485.459000000001,
  "speedIndex": 5020.54979467804,
  "largestContentfulPaint": 6877.079,
  "totalBlockingTime": 1083.9999999999995,
  "cumulativeLayoutShift": 0.002178615993923611,
  "timeToInteractive": 8018.349,
  "maxPotentialFirstInputDelay": 832,
  "timeToFirstByte": 63.543000000000035,
  "weight": {
    "summary": "57 requests • 1,055 KiB",
    "total": 1080536,
    "image": 127257,
    "imageCount": 18,
    "script": 670871,
    "scriptCount": 24,
    "document": 148882,
    "font": 34152,
    "fontCount": 1,
    "stylesheet": 14027,
    "stylesheetCount": 3,
    "thirdParty": 195758,
    "thirdPartyCount": 28
  },
  "run": {
    "number": 1,
    "total": 3
  },
  "axe": {
    "passes": 1018,
    "violations": 3
  }
}