{
  "url": "https://www.emcasa.com/",
  "requestedUrl": "https://www.emcasa.com/",
  "timestamp": 1656937313876,
  "ranks": {
    "hundos": 1,
    "performance": 1,
    "accessibility": 1,
    "cumulative": 1
  },
  "lighthouse": {
    "version": "9.6.3",
    "performance": 0.4,
    "accessibility": 1,
    "bestPractices": 0.83,
    "seo": 1,
    "total": 323
  },
  "firstContentfulPaint": 5510.8769999999995,
  "firstMeaningfulPaint": 5510.8769999999995,
  "speedIndex": 5510.8769999999995,
  "largestContentfulPaint": 8091.528999999999,
  "totalBlockingTime": 629.5000000000005,
  "cumulativeLayoutShift": 0.01975552707248264,
  "timeToInteractive": 7779.161,
  "maxPotentialFirstInputDelay": 880.0000000000009,
  "timeToFirstByte": 28.372999999999998,
  "weight": {
    "summary": "38 requests • 1,287 KiB",
    "total": 1317740,
    "image": 491870,
    "imageCount": 20,
    "script": 536580,
    "scriptCount": 7,
    "document": 152213,
    "font": 34152,
    "fontCount": 1,
    "stylesheet": 14893,
    "stylesheetCount": 3,
    "thirdParty": 55071,
    "thirdPartyCount": 7
  },
  "run": {
    "number": 2,
    "total": 3
  },
  "axe": {
    "passes": 664,
    "violations": 3
  }
}