{
  "url": "https://www.emcasa.com/",
  "requestedUrl": "https://www.emcasa.com/",
  "timestamp": 1652530907998,
  "ranks": {
    "hundos": 1,
    "performance": 1,
    "accessibility": 1,
    "cumulative": 1
  },
  "lighthouse": {
    "version": "9.6.1",
    "performance": 0.58,
    "accessibility": 1,
    "bestPractices": 0.83,
    "seo": 1,
    "total": 341
  },
  "firstContentfulPaint": 2774.42,
  "firstMeaningfulPaint": 2774.42,
  "speedIndex": 3969.3697299405594,
  "largestContentfulPaint": 3230.4080000000004,
  "totalBlockingTime": 1140,
  "cumulativeLayoutShift": 0.002178615993923611,
  "timeToInteractive": 7730.3240000000005,
  "maxPotentialFirstInputDelay": 894,
  "timeToFirstByte": 53.903999999999996,
  "weight": {
    "summary": "39 requests • 945 KiB",
    "total": 967661,
    "image": 128338,
    "imageCount": 18,
    "script": 552342,
    "scriptCount": 10,
    "document": 151438,
    "font": 34151,
    "fontCount": 1,
    "stylesheet": 14517,
    "stylesheetCount": 3,
    "thirdParty": 74330,
    "thirdPartyCount": 9
  },
  "run": {
    "number": 3,
    "total": 3
  },
  "axe": {
    "passes": 1141,
    "violations": 3
  }
}