{
  "url": "https://www.emcasa.com/",
  "requestedUrl": "https://www.emcasa.com/",
  "timestamp": 1648901778662,
  "ranks": {
    "hundos": 1,
    "performance": 1,
    "accessibility": 1,
    "cumulative": 1
  },
  "lighthouse": {
    "version": "9.5.0",
    "performance": 0.59,
    "accessibility": 0.98,
    "bestPractices": 0.92,
    "seo": 1,
    "total": 351
  },
  "firstContentfulPaint": 2832.396,
  "firstMeaningfulPaint": 2832.396,
  "speedIndex": 4277.613597965113,
  "largestContentfulPaint": 2832.396,
  "totalBlockingTime": 1168,
  "cumulativeLayoutShift": 0.002178615993923611,
  "timeToInteractive": 8034.046,
  "maxPotentialFirstInputDelay": 903,
  "timeToFirstByte": 77.65400000000001,
  "weight": {
    "summary": "38 requests • 909 KiB",
    "total": 931034,
    "image": 126511,
    "imageCount": 16,
    "script": 529074,
    "scriptCount": 10,
    "document": 144848,
    "font": 34152,
    "fontCount": 1,
    "stylesheet": 13556,
    "stylesheetCount": 3,
    "thirdParty": 53974,
    "thirdPartyCount": 8
  },
  "run": {
    "number": 2,
    "total": 3
  },
  "axe": {
    "passes": 1000,
    "violations": 3
  }
}