{
  "url": "https://www.emcasa.com/",
  "requestedUrl": "https://www.emcasa.com/",
  "timestamp": 1651753314869,
  "ranks": {
    "hundos": 1,
    "performance": 1,
    "accessibility": 1,
    "cumulative": 1
  },
  "lighthouse": {
    "version": "9.5.0",
    "performance": 0.56,
    "accessibility": 0.98,
    "bestPractices": 0.83,
    "seo": 1,
    "total": 339
  },
  "firstContentfulPaint": 2656.069,
  "firstMeaningfulPaint": 2656.069,
  "speedIndex": 4300.707358865153,
  "largestContentfulPaint": 2656.069,
  "totalBlockingTime": 1507.2054999999982,
  "cumulativeLayoutShift": 0.002178615993923611,
  "timeToInteractive": 12338.4915,
  "maxPotentialFirstInputDelay": 849,
  "timeToFirstByte": 23.589,
  "weight": {
    "summary": "134 requests • 1,476 KiB",
    "total": 1511034,
    "image": 134866,
    "imageCount": 42,
    "script": 1068926,
    "scriptCount": 49,
    "document": 160746,
    "font": 34152,
    "fontCount": 1,
    "stylesheet": 14523,
    "stylesheetCount": 3,
    "thirdParty": 620680,
    "thirdPartyCount": 105
  },
  "run": {
    "number": 3,
    "total": 3
  },
  "axe": {
    "passes": 1667,
    "violations": 5
  }
}