{
  "url": "https://www.emcasa.com/",
  "requestedUrl": "https://www.emcasa.com/",
  "timestamp": 1655727744653,
  "ranks": {
    "hundos": 1,
    "performance": 1,
    "accessibility": 1,
    "cumulative": 1
  },
  "lighthouse": {
    "version": "9.6.2",
    "performance": 0.53,
    "accessibility": 1,
    "bestPractices": 0.83,
    "seo": 1,
    "total": 336
  },
  "firstContentfulPaint": 2877.207,
  "firstMeaningfulPaint": 2877.207,
  "speedIndex": 3613.9139139675954,
  "largestContentfulPaint": 7938.7880000000005,
  "totalBlockingTime": 472,
  "cumulativeLayoutShift": 0.01975552707248264,
  "timeToInteractive": 7416.904500000001,
  "maxPotentialFirstInputDelay": 709,
  "timeToFirstByte": 46.072,
  "weight": {
    "summary": "38 requests • 1,284 KiB",
    "total": 1314395,
    "image": 491830,
    "imageCount": 20,
    "script": 534658,
    "scriptCount": 7,
    "document": 151400,
    "font": 34151,
    "fontCount": 1,
    "stylesheet": 14850,
    "stylesheetCount": 3,
    "thirdParty": 55068,
    "thirdPartyCount": 7
  },
  "run": {
    "number": 3,
    "total": 3
  },
  "axe": {
    "passes": 1021,
    "violations": 5
  }
}