{
  "url": "https://www.emcasa.com/",
  "requestedUrl": "https://www.emcasa.com/",
  "timestamp": 1655489634989,
  "ranks": {
    "hundos": 1,
    "performance": 1,
    "accessibility": 1,
    "cumulative": 1
  },
  "lighthouse": {
    "version": "9.6.2",
    "performance": 0.28,
    "accessibility": 1,
    "bestPractices": 0.83,
    "seo": 1,
    "total": 311
  },
  "firstContentfulPaint": 5460.264,
  "firstMeaningfulPaint": 5460.264,
  "speedIndex": 5460.264,
  "largestContentfulPaint": 8662.314000000002,
  "totalBlockingTime": 1814.7250000000004,
  "cumulativeLayoutShift": 0.01975552707248264,
  "timeToInteractive": 8243.539,
  "maxPotentialFirstInputDelay": 1052,
  "timeToFirstByte": 15.076000000000004,
  "weight": {
    "summary": "67 requests • 1,646 KiB",
    "total": 1685315,
    "image": 492659,
    "imageCount": 26,
    "script": 903921,
    "scriptCount": 25,
    "document": 151448,
    "font": 34153,
    "fontCount": 1,
    "stylesheet": 14835,
    "stylesheetCount": 3,
    "thirdParty": 425815,
    "thirdPartyCount": 36
  },
  "run": {
    "number": 3,
    "total": 3
  },
  "axe": {
    "passes": 776,
    "violations": 3
  }
}