{
  "url": "https://www.emcasa.com/",
  "requestedUrl": "https://www.emcasa.com/",
  "timestamp": 1653094217226,
  "ranks": {
    "hundos": 1,
    "performance": 1,
    "accessibility": 1,
    "cumulative": 1
  },
  "lighthouse": {
    "version": "9.6.1",
    "performance": 0.33,
    "accessibility": 0.98,
    "bestPractices": 0.83,
    "seo": 0.99,
    "total": 313
  },
  "firstContentfulPaint": 5697.327,
  "firstMeaningfulPaint": 5697.327,
  "speedIndex": 5697.327,
  "largestContentfulPaint": 6971.5650000000005,
  "totalBlockingTime": 1217.306,
  "cumulativeLayoutShift": 0.002178615993923611,
  "timeToInteractive": 7530.593000000001,
  "maxPotentialFirstInputDelay": 1031.000000000001,
  "timeToFirstByte": 41.949,
  "weight": {
    "summary": "37 requests • 927 KiB",
    "total": 949579,
    "image": 128331,
    "imageCount": 18,
    "script": 534376,
    "scriptCount": 8,
    "document": 151148,
    "font": 34152,
    "fontCount": 1,
    "stylesheet": 14652,
    "stylesheetCount": 3,
    "thirdParty": 54736,
    "thirdPartyCount": 7
  },
  "run": {
    "number": 2,
    "total": 3
  },
  "axe": {
    "passes": 1158,
    "violations": 3
  }
}