{
  "url": "https://www.emcasa.com/",
  "requestedUrl": "https://www.emcasa.com/",
  "timestamp": 1653156797193,
  "ranks": {
    "hundos": 1,
    "performance": 1,
    "accessibility": 1,
    "cumulative": 1
  },
  "lighthouse": {
    "version": "9.6.1",
    "performance": 0.43,
    "accessibility": 1,
    "bestPractices": 0.83,
    "seo": 1,
    "total": 326
  },
  "firstContentfulPaint": 2892.638,
  "firstMeaningfulPaint": 2892.638,
  "speedIndex": 3252.4008535008516,
  "largestContentfulPaint": 6729.714,
  "totalBlockingTime": 1092,
  "cumulativeLayoutShift": 0.002178615993923611,
  "timeToInteractive": 7634.637999999999,
  "maxPotentialFirstInputDelay": 898,
  "timeToFirstByte": 36.92,
  "weight": {
    "summary": "39 requests • 928 KiB",
    "total": 950170,
    "image": 128355,
    "imageCount": 18,
    "script": 534404,
    "scriptCount": 10,
    "document": 151683,
    "font": 34151,
    "fontCount": 1,
    "stylesheet": 14655,
    "stylesheetCount": 3,
    "thirdParty": 54738,
    "thirdPartyCount": 9
  },
  "run": {
    "number": 2,
    "total": 3
  },
  "axe": {
    "passes": 1189,
    "violations": 3
  }
}