{
  "url": "https://www.emcasa.com/",
  "requestedUrl": "https://www.emcasa.com/",
  "timestamp": 1654345025453,
  "ranks": {
    "hundos": 1,
    "performance": 1,
    "accessibility": 1,
    "cumulative": 1
  },
  "lighthouse": {
    "version": "9.6.1",
    "performance": 0.32,
    "accessibility": 0.98,
    "bestPractices": 0.83,
    "seo": 1,
    "total": 315
  },
  "firstContentfulPaint": 5333.726,
  "firstMeaningfulPaint": 5540.318499999999,
  "speedIndex": 5333.726,
  "largestContentfulPaint": 5746.910999999999,
  "totalBlockingTime": 1959.4075000000003,
  "cumulativeLayoutShift": 0.002178615993923611,
  "timeToInteractive": 8400.353500000001,
  "maxPotentialFirstInputDelay": 1093.999999999999,
  "timeToFirstByte": 20.669999999999998,
  "weight": {
    "summary": "62 requests • 1,186 KiB",
    "total": 1214945,
    "image": 128316,
    "imageCount": 19,
    "script": 799151,
    "scriptCount": 26,
    "document": 151208,
    "font": 34152,
    "fontCount": 1,
    "stylesheet": 14629,
    "stylesheetCount": 3,
    "thirdParty": 318992,
    "thirdPartyCount": 33
  },
  "run": {
    "number": 3,
    "total": 3
  },
  "axe": {
    "passes": 1141,
    "violations": 3
  }
}