{
  "url": "https://www.emcasa.com/",
  "requestedUrl": "https://www.emcasa.com/",
  "timestamp": 1654518091033,
  "ranks": {
    "hundos": 1,
    "performance": 1,
    "accessibility": 1,
    "cumulative": 1
  },
  "lighthouse": {
    "version": "9.6.1",
    "performance": 0.35,
    "accessibility": 0.98,
    "bestPractices": 0.83,
    "seo": 0.99,
    "total": 315
  },
  "firstContentfulPaint": 5522.477999999999,
  "firstMeaningfulPaint": 5522.477999999999,
  "speedIndex": 5522.477999999999,
  "largestContentfulPaint": 6648.572500000001,
  "totalBlockingTime": 1086.999999999999,
  "cumulativeLayoutShift": 0.002178615993923611,
  "timeToInteractive": 7786.394499999999,
  "maxPotentialFirstInputDelay": 906.9999999999991,
  "timeToFirstByte": 33.976,
  "weight": {
    "summary": "38 requests • 930 KiB",
    "total": 952283,
    "image": 128332,
    "imageCount": 18,
    "script": 535768,
    "scriptCount": 9,
    "document": 151949,
    "font": 34152,
    "fontCount": 1,
    "stylesheet": 14613,
    "stylesheetCount": 3,
    "thirdParty": 55068,
    "thirdPartyCount": 9
  },
  "run": {
    "number": 1,
    "total": 3
  },
  "axe": {
    "passes": 1680,
    "violations": 5
  }
}