{
  "url": "https://www.emcasa.com/",
  "requestedUrl": "https://www.emcasa.com/",
  "timestamp": 1654884823925,
  "ranks": {
    "hundos": 1,
    "performance": 1,
    "accessibility": 1,
    "cumulative": 1
  },
  "lighthouse": {
    "version": "9.6.2",
    "performance": 0.32,
    "accessibility": 1,
    "bestPractices": 0.83,
    "seo": 1,
    "total": 315
  },
  "firstContentfulPaint": 4385.066999999999,
  "firstMeaningfulPaint": 4385.066999999999,
  "speedIndex": 4787.944766486128,
  "largestContentfulPaint": 8670.825999999997,
  "totalBlockingTime": 1403.5,
  "cumulativeLayoutShift": 0.01975552707248264,
  "timeToInteractive": 8816.330999999998,
  "maxPotentialFirstInputDelay": 645,
  "timeToFirstByte": 49.645999999999994,
  "weight": {
    "summary": "72 requests • 1,647 KiB",
    "total": 1686326,
    "image": 493476,
    "imageCount": 27,
    "script": 903394,
    "scriptCount": 26,
    "document": 151097,
    "font": 34153,
    "fontCount": 1,
    "stylesheet": 14777,
    "stylesheetCount": 3,
    "thirdParty": 427122,
    "thirdPartyCount": 40
  },
  "run": {
    "number": 3,
    "total": 3
  },
  "axe": {
    "passes": 664,
    "violations": 3
  }
}