{
  "url": "https://www.emcasa.com/",
  "requestedUrl": "https://www.emcasa.com/",
  "timestamp": 1655036236887,
  "ranks": {
    "hundos": 1,
    "performance": 1,
    "accessibility": 1,
    "cumulative": 1
  },
  "lighthouse": {
    "version": "9.6.2",
    "performance": 0.32,
    "accessibility": 1,
    "bestPractices": 0.83,
    "seo": 1,
    "total": 315
  },
  "firstContentfulPaint": 4609.643,
  "firstMeaningfulPaint": 4609.643,
  "speedIndex": 4823.73724084993,
  "largestContentfulPaint": 8951.873,
  "totalBlockingTime": 1414,
  "cumulativeLayoutShift": 0.01975552707248264,
  "timeToInteractive": 8277.643,
  "maxPotentialFirstInputDelay": 992,
  "timeToFirstByte": 38.978,
  "weight": {
    "summary": "41 requests • 1,284 KiB",
    "total": 1314430,
    "image": 491780,
    "imageCount": 20,
    "script": 534496,
    "scriptCount": 9,
    "document": 151411,
    "font": 34152,
    "fontCount": 1,
    "stylesheet": 14783,
    "stylesheetCount": 3,
    "thirdParty": 55068,
    "thirdPartyCount": 9
  },
  "run": {
    "number": 3,
    "total": 3
  },
  "axe": {
    "passes": 776,
    "violations": 3
  }
}