{
  "url": "https://www.emcasa.com/",
  "requestedUrl": "https://www.emcasa.com/",
  "timestamp": 1650305656372,
  "ranks": {
    "hundos": 1,
    "performance": 1,
    "accessibility": 1,
    "cumulative": 1
  },
  "lighthouse": {
    "version": "9.5.0",
    "performance": 0.38,
    "accessibility": 0.98,
    "bestPractices": 0.92,
    "seo": 1,
    "total": 330
  },
  "firstContentfulPaint": 5062.699,
  "firstMeaningfulPaint": 5062.699,
  "speedIndex": 5062.699,
  "largestContentfulPaint": 5400.688999999999,
  "totalBlockingTime": 1324.0049999999992,
  "cumulativeLayoutShift": 0.002178615993923611,
  "timeToInteractive": 6864.673999999999,
  "maxPotentialFirstInputDelay": 642,
  "timeToFirstByte": 54.827,
  "weight": {
    "summary": "36 requests • 918 KiB",
    "total": 940011,
    "image": 127240,
    "imageCount": 17,
    "script": 529852,
    "scriptCount": 8,
    "document": 149416,
    "font": 34152,
    "fontCount": 1,
    "stylesheet": 14025,
    "stylesheetCount": 3,
    "thirdParty": 54739,
    "thirdPartyCount": 7
  },
  "run": {
    "number": 2,
    "total": 3
  },
  "axe": {
    "passes": 1018,
    "violations": 3
  }
}