{
  "url": "https://www.emcasa.com/",
  "requestedUrl": "https://www.emcasa.com/",
  "timestamp": 1653440210120,
  "ranks": {
    "hundos": 1,
    "performance": 1,
    "accessibility": 1,
    "cumulative": 1
  },
  "lighthouse": {
    "version": "9.6.1",
    "performance": 0.33,
    "accessibility": 0.98,
    "bestPractices": 0.83,
    "seo": 0.99,
    "total": 313
  },
  "firstContentfulPaint": 5525.761,
  "firstMeaningfulPaint": 5525.761,
  "speedIndex": 5994.519725710437,
  "largestContentfulPaint": 6656.981000000001,
  "totalBlockingTime": 1192.500000000001,
  "cumulativeLayoutShift": 0.002178615993923611,
  "timeToInteractive": 7631.639500000001,
  "maxPotentialFirstInputDelay": 894.0000000000009,
  "timeToFirstByte": 886.6360000000001,
  "weight": {
    "summary": "37 requests • 928 KiB",
    "total": 950232,
    "image": 128307,
    "imageCount": 18,
    "script": 534449,
    "scriptCount": 8,
    "document": 151760,
    "font": 34152,
    "fontCount": 1,
    "stylesheet": 14653,
    "stylesheetCount": 3,
    "thirdParty": 54737,
    "thirdPartyCount": 7
  },
  "run": {
    "number": 1,
    "total": 3
  },
  "axe": {
    "passes": 1418,
    "violations": 5
  }
}