{
  "url": "https://www.emcasa.com/",
  "requestedUrl": "https://www.emcasa.com/",
  "timestamp": 1649614366659,
  "ranks": {
    "hundos": 1,
    "performance": 1,
    "accessibility": 1,
    "cumulative": 1
  },
  "lighthouse": {
    "version": "9.5.0",
    "performance": 0.31,
    "accessibility": 0.98,
    "bestPractices": 0.92,
    "seo": 1,
    "total": 323
  },
  "firstContentfulPaint": 5175.053,
  "firstMeaningfulPaint": 5175.053,
  "speedIndex": 5530.833720826885,
  "largestContentfulPaint": 7544.552999999999,
  "totalBlockingTime": 1464.500000000001,
  "cumulativeLayoutShift": 0.002178615993923611,
  "timeToInteractive": 8096.553,
  "maxPotentialFirstInputDelay": 714,
  "timeToFirstByte": 60.86500000000001,
  "weight": {
    "summary": "39 requests • 914 KiB",
    "total": 935902,
    "image": 127285,
    "imageCount": 17,
    "script": 530059,
    "scriptCount": 10,
    "document": 146381,
    "font": 34152,
    "fontCount": 1,
    "stylesheet": 14007,
    "stylesheetCount": 3,
    "thirdParty": 54740,
    "thirdPartyCount": 9
  },
  "run": {
    "number": 1,
    "total": 3
  },
  "axe": {
    "passes": 1516,
    "violations": 5
  }
}