{
  "url": "https://www.emcasa.com/",
  "requestedUrl": "https://www.emcasa.com/",
  "timestamp": 1655100921467,
  "ranks": {
    "hundos": 1,
    "performance": 1,
    "accessibility": 1,
    "cumulative": 1
  },
  "lighthouse": {
    "version": "9.6.2",
    "performance": 0.36,
    "accessibility": 1,
    "bestPractices": 0.83,
    "seo": 1,
    "total": 319
  },
  "firstContentfulPaint": 5180.102,
  "firstMeaningfulPaint": 5180.102,
  "speedIndex": 5180.102,
  "largestContentfulPaint": 7654.065000000002,
  "totalBlockingTime": 888.7734999999998,
  "cumulativeLayoutShift": 0.01975552707248264,
  "timeToInteractive": 8632.169000000002,
  "maxPotentialFirstInputDelay": 772,
  "timeToFirstByte": 48.330000000000005,
  "weight": {
    "summary": "41 requests • 1,284 KiB",
    "total": 1314748,
    "image": 491813,
    "imageCount": 20,
    "script": 534693,
    "scriptCount": 9,
    "document": 151513,
    "font": 34152,
    "fontCount": 1,
    "stylesheet": 14779,
    "stylesheetCount": 3,
    "thirdParty": 55063,
    "thirdPartyCount": 9
  },
  "run": {
    "number": 2,
    "total": 3
  },
  "axe": {
    "passes": 664,
    "violations": 3
  }
}