{
  "url": "https://www.emcasa.com/",
  "requestedUrl": "https://www.emcasa.com/",
  "timestamp": 1651021300872,
  "ranks": {
    "hundos": 1,
    "performance": 1,
    "accessibility": 1,
    "cumulative": 1
  },
  "lighthouse": {
    "version": "9.5.0",
    "performance": 0.51,
    "accessibility": 1,
    "bestPractices": 0.83,
    "seo": 1,
    "total": 334
  },
  "firstContentfulPaint": 2905.938,
  "firstMeaningfulPaint": 2905.938,
  "speedIndex": 5133.719883757062,
  "largestContentfulPaint": 3327.1679999999997,
  "totalBlockingTime": 1230.6924999999983,
  "cumulativeLayoutShift": 0.002178615993923611,
  "timeToInteractive": 11555.1555,
  "maxPotentialFirstInputDelay": 887,
  "timeToFirstByte": 101.34099999999998,
  "weight": {
    "summary": "81 requests • 1,407 KiB",
    "total": 1440790,
    "image": 127927,
    "imageCount": 24,
    "script": 1024072,
    "scriptCount": 35,
    "document": 151515,
    "font": 34150,
    "fontCount": 1,
    "stylesheet": 14023,
    "stylesheetCount": 3,
    "thirdParty": 554340,
    "thirdPartyCount": 52
  },
  "run": {
    "number": 3,
    "total": 3
  },
  "axe": {
    "passes": 1018,
    "violations": 3
  }
}