{
  "url": "https://www.emcasa.com/",
  "requestedUrl": "https://www.emcasa.com/",
  "timestamp": 1654452806143,
  "ranks": {
    "hundos": 1,
    "performance": 1,
    "accessibility": 1,
    "cumulative": 1
  },
  "lighthouse": {
    "version": "9.6.1",
    "performance": 0.27,
    "accessibility": 0.98,
    "bestPractices": 0.83,
    "seo": 0.99,
    "total": 307
  },
  "firstContentfulPaint": 3143.3929999999996,
  "firstMeaningfulPaint": 3143.3929999999996,
  "speedIndex": 6659.655561594911,
  "largestContentfulPaint": 6863.522999999999,
  "totalBlockingTime": 2398.5000000000036,
  "cumulativeLayoutShift": 0.002178615993923611,
  "timeToInteractive": 16199.3745,
  "maxPotentialFirstInputDelay": 1080.0000000000018,
  "timeToFirstByte": 49.595,
  "weight": {
    "summary": "150 requests • 1,492 KiB",
    "total": 1527361,
    "image": 140917,
    "imageCount": 47,
    "script": 1071399,
    "scriptCount": 51,
    "document": 161946,
    "font": 34152,
    "fontCount": 1,
    "stylesheet": 14611,
    "stylesheetCount": 3,
    "thirdParty": 630483,
    "thirdPartyCount": 120
  },
  "run": {
    "number": 2,
    "total": 3
  },
  "axe": {
    "passes": 1141,
    "violations": 3
  }
}