{
  "url": "https://www.emcasa.com/",
  "requestedUrl": "https://www.emcasa.com/",
  "timestamp": 1652897634467,
  "ranks": {
    "hundos": 1,
    "performance": 1,
    "accessibility": 1,
    "cumulative": 1
  },
  "lighthouse": {
    "version": "9.6.1",
    "performance": 0.55,
    "accessibility": 1,
    "bestPractices": 0.83,
    "seo": 1,
    "total": 338
  },
  "firstContentfulPaint": 2442.335,
  "firstMeaningfulPaint": 2442.335,
  "speedIndex": 5363.245479394155,
  "largestContentfulPaint": 2442.335,
  "totalBlockingTime": 1602.0000000000027,
  "cumulativeLayoutShift": 0.002178615993923611,
  "timeToInteractive": 12318.348500000004,
  "maxPotentialFirstInputDelay": 898,
  "timeToFirstByte": 606.451,
  "weight": {
    "summary": "119 requests • 1,467 KiB",
    "total": 1502050,
    "image": 130966,
    "imageCount": 29,
    "script": 1063916,
    "scriptCount": 50,
    "document": 161129,
    "font": 34152,
    "fontCount": 1,
    "stylesheet": 14515,
    "stylesheetCount": 3,
    "thirdParty": 608453,
    "thirdPartyCount": 89
  },
  "run": {
    "number": 1,
    "total": 3
  },
  "axe": {
    "passes": 1141,
    "violations": 3
  }
}