{
  "url": "https://www.emcasa.com/",
  "requestedUrl": "https://www.emcasa.com/",
  "timestamp": 1655340992506,
  "ranks": {
    "hundos": 1,
    "performance": 1,
    "accessibility": 1,
    "cumulative": 1
  },
  "lighthouse": {
    "version": "9.6.2",
    "performance": 0.28,
    "accessibility": 1,
    "bestPractices": 0.83,
    "seo": 1,
    "total": 311
  },
  "firstContentfulPaint": 5763.552999999999,
  "firstMeaningfulPaint": 5763.552999999999,
  "speedIndex": 5763.552999999999,
  "largestContentfulPaint": 8117.706,
  "totalBlockingTime": 1590.5,
  "cumulativeLayoutShift": 0.01975552707248264,
  "timeToInteractive": 8400.276,
  "maxPotentialFirstInputDelay": 909,
  "timeToFirstByte": 61.45099999999999,
  "weight": {
    "summary": "50 requests • 1,394 KiB",
    "total": 1427741,
    "image": 491801,
    "imageCount": 20,
    "script": 648506,
    "scriptCount": 19,
    "document": 150933,
    "font": 34152,
    "fontCount": 1,
    "stylesheet": 14837,
    "stylesheetCount": 3,
    "thirdParty": 169031,
    "thirdPartyCount": 20
  },
  "run": {
    "number": 2,
    "total": 3
  },
  "axe": {
    "passes": 776,
    "violations": 3
  }
}