{
  "url": "https://www.emcasa.com/",
  "requestedUrl": "https://www.emcasa.com/",
  "timestamp": 1651108232073,
  "ranks": {
    "hundos": 1,
    "performance": 1,
    "accessibility": 1,
    "cumulative": 1
  },
  "lighthouse": {
    "version": "9.5.0",
    "performance": 0.51,
    "accessibility": 1,
    "bestPractices": 0.83,
    "seo": 1,
    "total": 334
  },
  "firstContentfulPaint": 2923.3379999999997,
  "firstMeaningfulPaint": 2923.3379999999997,
  "speedIndex": 5923.2359945167445,
  "largestContentfulPaint": 2923.3379999999997,
  "totalBlockingTime": 1498.770999999998,
  "cumulativeLayoutShift": 0.002178615993923611,
  "timeToInteractive": 12862.874999999998,
  "maxPotentialFirstInputDelay": 866,
  "timeToFirstByte": 53.712,
  "weight": {
    "summary": "142 requests • 1,478 KiB",
    "total": 1513936,
    "image": 138519,
    "imageCount": 43,
    "script": 1066831,
    "scriptCount": 50,
    "document": 158875,
    "font": 34151,
    "fontCount": 1,
    "stylesheet": 14025,
    "stylesheetCount": 3,
    "thirdParty": 627758,
    "thirdPartyCount": 113
  },
  "run": {
    "number": 2,
    "total": 3
  },
  "axe": {
    "passes": 1551,
    "violations": 5
  }
}