{
  "url": "https://www.emcasa.com/",
  "requestedUrl": "https://www.emcasa.com/",
  "timestamp": 1649292503786,
  "ranks": {
    "hundos": 1,
    "performance": 1,
    "accessibility": 1,
    "cumulative": 1
  },
  "lighthouse": {
    "version": "9.5.0",
    "performance": 0.34,
    "accessibility": 0.98,
    "bestPractices": 0.92,
    "seo": 0.99,
    "total": 323
  },
  "firstContentfulPaint": 5567.648999999999,
  "firstMeaningfulPaint": 5567.648999999999,
  "speedIndex": 5567.648999999999,
  "largestContentfulPaint": 7081.826500000001,
  "totalBlockingTime": 1018,
  "cumulativeLayoutShift": 0.002178615993923611,
  "timeToInteractive": 7971.649,
  "maxPotentialFirstInputDelay": 844,
  "timeToFirstByte": 71.541,
  "weight": {
    "summary": "38 requests • 912 KiB",
    "total": 933498,
    "image": 126500,
    "imageCount": 16,
    "script": 528981,
    "scriptCount": 10,
    "document": 146284,
    "font": 34151,
    "fontCount": 1,
    "stylesheet": 13565,
    "stylesheetCount": 3,
    "thirdParty": 53972,
    "thirdPartyCount": 8
  },
  "run": {
    "number": 2,
    "total": 3
  },
  "axe": {
    "passes": 1000,
    "violations": 3
  }
}