{
  "url": "https://www.emcasa.com/",
  "requestedUrl": "https://www.emcasa.com/",
  "timestamp": 1655705684125,
  "ranks": {
    "hundos": 1,
    "performance": 1,
    "accessibility": 1,
    "cumulative": 1
  },
  "lighthouse": {
    "version": "9.6.2",
    "performance": 0.28,
    "accessibility": 1,
    "bestPractices": 0.83,
    "seo": 1,
    "total": 311
  },
  "firstContentfulPaint": 5488.6979999999985,
  "firstMeaningfulPaint": 5488.6979999999985,
  "speedIndex": 5488.6979999999985,
  "largestContentfulPaint": 8563.817,
  "totalBlockingTime": 1602.5,
  "cumulativeLayoutShift": 0.01975552707248264,
  "timeToInteractive": 8941.960999999998,
  "maxPotentialFirstInputDelay": 974,
  "timeToFirstByte": 21.273000000000003,
  "weight": {
    "summary": "51 requests • 1,400 KiB",
    "total": 1433243,
    "image": 491829,
    "imageCount": 20,
    "script": 653444,
    "scriptCount": 17,
    "document": 151444,
    "font": 34152,
    "fontCount": 1,
    "stylesheet": 14845,
    "stylesheetCount": 3,
    "thirdParty": 173931,
    "thirdPartyCount": 20
  },
  "run": {
    "number": 2,
    "total": 3
  },
  "axe": {
    "passes": 664,
    "violations": 3
  }
}