{
  "url": "https://www.emcasa.com/",
  "requestedUrl": "https://www.emcasa.com/",
  "timestamp": 1653459294768,
  "ranks": {
    "hundos": 1,
    "performance": 1,
    "accessibility": 1,
    "cumulative": 1
  },
  "lighthouse": {
    "version": "9.6.1",
    "performance": 0.34,
    "accessibility": 0.98,
    "bestPractices": 0.83,
    "seo": 0.99,
    "total": 314
  },
  "firstContentfulPaint": 5689.9619999999995,
  "firstMeaningfulPaint": 5689.9619999999995,
  "speedIndex": 5689.9619999999995,
  "largestContentfulPaint": 6081.1359999999995,
  "totalBlockingTime": 1216.4710000000005,
  "cumulativeLayoutShift": 0.002178615993923611,
  "timeToInteractive": 7723.071,
  "maxPotentialFirstInputDelay": 925,
  "timeToFirstByte": 26.765999999999963,
  "weight": {
    "summary": "39 requests • 928 KiB",
    "total": 950219,
    "image": 128333,
    "imageCount": 18,
    "script": 534382,
    "scriptCount": 10,
    "document": 151776,
    "font": 34152,
    "fontCount": 1,
    "stylesheet": 14654,
    "stylesheetCount": 3,
    "thirdParty": 54738,
    "thirdPartyCount": 9
  },
  "run": {
    "number": 1,
    "total": 3
  },
  "axe": {
    "passes": 1680,
    "violations": 5
  }
}