{
  "url": "https://www.emcasa.com/",
  "requestedUrl": "https://www.emcasa.com/",
  "timestamp": 1652249809952,
  "ranks": {
    "hundos": 1,
    "performance": 1,
    "accessibility": 1,
    "cumulative": 1
  },
  "lighthouse": {
    "version": "9.5.0",
    "performance": 0.38,
    "accessibility": 0.98,
    "bestPractices": 0.83,
    "seo": 1,
    "total": 321
  },
  "firstContentfulPaint": 5362.005,
  "firstMeaningfulPaint": 5362.005,
  "speedIndex": 5362.005,
  "largestContentfulPaint": 5760.730999999999,
  "totalBlockingTime": 1049.879,
  "cumulativeLayoutShift": 0.002178615993923611,
  "timeToInteractive": 6791.5779999999995,
  "maxPotentialFirstInputDelay": 794,
  "timeToFirstByte": 18.026,
  "weight": {
    "summary": "36 requests • 925 KiB",
    "total": 947552,
    "image": 127263,
    "imageCount": 17,
    "script": 532928,
    "scriptCount": 8,
    "document": 151775,
    "font": 34153,
    "fontCount": 1,
    "stylesheet": 14526,
    "stylesheetCount": 3,
    "thirdParty": 54734,
    "thirdPartyCount": 7
  },
  "run": {
    "number": 3,
    "total": 3
  },
  "axe": {
    "passes": 1182,
    "violations": 3
  }
}