{
  "url": "https://www.emcasa.com/",
  "requestedUrl": "https://www.emcasa.com/",
  "timestamp": 1653394896202,
  "ranks": {
    "hundos": 1,
    "performance": 1,
    "accessibility": 1,
    "cumulative": 1
  },
  "lighthouse": {
    "version": "9.6.1",
    "performance": 0.62,
    "accessibility": 0.98,
    "bestPractices": 0.83,
    "seo": 1,
    "total": 345
  },
  "firstContentfulPaint": 2704.4469999999997,
  "firstMeaningfulPaint": 2704.4469999999997,
  "speedIndex": 4289.726537396266,
  "largestContentfulPaint": 2704.4469999999997,
  "totalBlockingTime": 907.0500000000011,
  "cumulativeLayoutShift": 0.002178615993923611,
  "timeToInteractive": 9877.997000000001,
  "maxPotentialFirstInputDelay": 825.0000000000018,
  "timeToFirstByte": 24.838,
  "weight": {
    "summary": "55 requests • 1,049 KiB",
    "total": 1073881,
    "image": 128296,
    "imageCount": 18,
    "script": 657982,
    "scriptCount": 22,
    "document": 151866,
    "font": 34152,
    "fontCount": 1,
    "stylesheet": 14651,
    "stylesheetCount": 3,
    "thirdParty": 178364,
    "thirdPartyCount": 25
  },
  "run": {
    "number": 3,
    "total": 3
  },
  "axe": {
    "passes": 1141,
    "violations": 3
  }
}