{
  "url": "https://www.emcasa.com/",
  "requestedUrl": "https://www.emcasa.com/",
  "timestamp": 1653958648717,
  "ranks": {
    "hundos": 1,
    "performance": 1,
    "accessibility": 1,
    "cumulative": 1
  },
  "lighthouse": {
    "version": "9.6.1",
    "performance": 0.32,
    "accessibility": 0.98,
    "bestPractices": 0.83,
    "seo": 0.99,
    "total": 312
  },
  "firstContentfulPaint": 3353.4530000000004,
  "firstMeaningfulPaint": 3353.4530000000004,
  "speedIndex": 5222.471941507545,
  "largestContentfulPaint": 7491.832,
  "totalBlockingTime": 2038.4999999999995,
  "cumulativeLayoutShift": 0.002178615993923611,
  "timeToInteractive": 8505.953,
  "maxPotentialFirstInputDelay": 1181,
  "timeToFirstByte": 41.34699999999998,
  "weight": {
    "summary": "39 requests • 928 KiB",
    "total": 950651,
    "image": 128305,
    "imageCount": 18,
    "script": 534904,
    "scriptCount": 10,
    "document": 151278,
    "font": 34151,
    "fontCount": 1,
    "stylesheet": 14648,
    "stylesheetCount": 3,
    "thirdParty": 55063,
    "thirdPartyCount": 9
  },
  "run": {
    "number": 1,
    "total": 3
  },
  "axe": {
    "passes": 1207,
    "violations": 3
  }
}