{
  "url": "https://www.emcasa.com/",
  "requestedUrl": "https://www.emcasa.com/",
  "timestamp": 1656871955534,
  "ranks": {
    "hundos": 1,
    "performance": 1,
    "accessibility": 1,
    "cumulative": 1
  },
  "lighthouse": {
    "version": "9.6.3",
    "performance": 0.36,
    "accessibility": 1,
    "bestPractices": 0.83,
    "seo": 1,
    "total": 319
  },
  "firstContentfulPaint": 5560.99,
  "firstMeaningfulPaint": 5560.99,
  "speedIndex": 5560.99,
  "largestContentfulPaint": 7723.99,
  "totalBlockingTime": 912.4999999999991,
  "cumulativeLayoutShift": 0.01975552707248264,
  "timeToInteractive": 7608.489999999999,
  "maxPotentialFirstInputDelay": 770,
  "timeToFirstByte": 36.992999999999995,
  "weight": {
    "summary": "40 requests • 1,287 KiB",
    "total": 1317610,
    "image": 491808,
    "imageCount": 20,
    "script": 536562,
    "scriptCount": 9,
    "document": 152174,
    "font": 34153,
    "fontCount": 1,
    "stylesheet": 14885,
    "stylesheetCount": 3,
    "thirdParty": 55062,
    "thirdPartyCount": 9
  },
  "run": {
    "number": 3,
    "total": 3
  },
  "axe": {
    "passes": 664,
    "violations": 3
  }
}