{
  "url": "https://www.emcasa.com/",
  "requestedUrl": "https://www.emcasa.com/",
  "timestamp": 1649765883835,
  "ranks": {
    "hundos": 1,
    "performance": 1,
    "accessibility": 1,
    "cumulative": 1
  },
  "lighthouse": {
    "version": "9.5.0",
    "performance": 0.31,
    "accessibility": 0.98,
    "bestPractices": 0.92,
    "seo": 0.99,
    "total": 320
  },
  "firstContentfulPaint": 5894.722,
  "firstMeaningfulPaint": 5894.722,
  "speedIndex": 6920.929919056263,
  "largestContentfulPaint": 7656.4685,
  "totalBlockingTime": 1089,
  "cumulativeLayoutShift": 0.002178615993923611,
  "timeToInteractive": 7745.182,
  "maxPotentialFirstInputDelay": 933.9999999999991,
  "timeToFirstByte": 106.029,
  "weight": {
    "summary": "37 requests • 918 KiB",
    "total": 940363,
    "image": 127287,
    "imageCount": 17,
    "script": 530088,
    "scriptCount": 8,
    "document": 149210,
    "font": 34152,
    "fontCount": 1,
    "stylesheet": 14005,
    "stylesheetCount": 3,
    "thirdParty": 54739,
    "thirdPartyCount": 7
  },
  "run": {
    "number": 1,
    "total": 3
  },
  "axe": {
    "passes": 1551,
    "violations": 5
  }
}