{
  "url": "https://www.emcasa.com/",
  "requestedUrl": "https://www.emcasa.com/",
  "timestamp": 1649206224820,
  "ranks": {
    "hundos": 1,
    "performance": 1,
    "accessibility": 1,
    "cumulative": 1
  },
  "lighthouse": {
    "version": "9.5.0",
    "performance": 0.36,
    "accessibility": 0.98,
    "bestPractices": 0.92,
    "seo": 0.99,
    "total": 325
  },
  "firstContentfulPaint": 5377.113,
  "firstMeaningfulPaint": 5377.113,
  "speedIndex": 5377.113,
  "largestContentfulPaint": 5527.113,
  "totalBlockingTime": 1308,
  "cumulativeLayoutShift": 0.002178615993923611,
  "timeToInteractive": 7479.113,
  "maxPotentialFirstInputDelay": 856,
  "timeToFirstByte": 50.82000000000001,
  "weight": {
    "summary": "36 requests • 912 KiB",
    "total": 933465,
    "image": 126490,
    "imageCount": 16,
    "script": 529058,
    "scriptCount": 8,
    "document": 146177,
    "font": 34150,
    "fontCount": 1,
    "stylesheet": 13574,
    "stylesheetCount": 3,
    "thirdParty": 53972,
    "thirdPartyCount": 6
  },
  "run": {
    "number": 3,
    "total": 3
  },
  "axe": {
    "passes": 1000,
    "violations": 3
  }
}