{
  "url": "https://www.emcasa.com/",
  "requestedUrl": "https://www.emcasa.com/",
  "timestamp": 1650003252746,
  "ranks": {
    "hundos": 1,
    "performance": 1,
    "accessibility": 1,
    "cumulative": 1
  },
  "lighthouse": {
    "version": "9.5.0",
    "performance": 0.34,
    "accessibility": 0.98,
    "bestPractices": 0.92,
    "seo": 0.99,
    "total": 323
  },
  "firstContentfulPaint": 5446.678,
  "firstMeaningfulPaint": 5446.678,
  "speedIndex": 5446.678,
  "largestContentfulPaint": 6654.157999999999,
  "totalBlockingTime": 1164.9999999999995,
  "cumulativeLayoutShift": 0.002178615993923611,
  "timeToInteractive": 7498.678,
  "maxPotentialFirstInputDelay": 913,
  "timeToFirstByte": 39.758,
  "weight": {
    "summary": "38 requests • 918 KiB",
    "total": 939630,
    "image": 127267,
    "imageCount": 17,
    "script": 529900,
    "scriptCount": 10,
    "document": 148950,
    "font": 34151,
    "fontCount": 1,
    "stylesheet": 14035,
    "stylesheetCount": 3,
    "thirdParty": 54732,
    "thirdPartyCount": 9
  },
  "run": {
    "number": 3,
    "total": 3
  },
  "axe": {
    "passes": 1551,
    "violations": 5
  }
}