{
  "url": "https://www.emcasa.com/",
  "requestedUrl": "https://www.emcasa.com/",
  "timestamp": 1650197847952,
  "ranks": {
    "hundos": 1,
    "performance": 1,
    "accessibility": 1,
    "cumulative": 1
  },
  "lighthouse": {
    "version": "9.5.0",
    "performance": 0.35,
    "accessibility": 0.98,
    "bestPractices": 0.92,
    "seo": 0.99,
    "total": 324
  },
  "firstContentfulPaint": 5477.514999999999,
  "firstMeaningfulPaint": 5477.514999999999,
  "speedIndex": 5477.514999999999,
  "largestContentfulPaint": 6679.0265,
  "totalBlockingTime": 1093,
  "cumulativeLayoutShift": 0.002178615993923611,
  "timeToInteractive": 7646.515,
  "maxPotentialFirstInputDelay": 915,
  "timeToFirstByte": 58.135,
  "weight": {
    "summary": "38 requests • 918 KiB",
    "total": 940101,
    "image": 127268,
    "imageCount": 17,
    "script": 529984,
    "scriptCount": 10,
    "document": 149322,
    "font": 34152,
    "fontCount": 1,
    "stylesheet": 14049,
    "stylesheetCount": 3,
    "thirdParty": 54703,
    "thirdPartyCount": 9
  },
  "run": {
    "number": 3,
    "total": 3
  },
  "axe": {
    "passes": 1295,
    "violations": 5
  }
}