{
  "url": "https://www.emcasa.com/",
  "requestedUrl": "https://www.emcasa.com/",
  "timestamp": 1653135536676,
  "ranks": {
    "hundos": 1,
    "performance": 1,
    "accessibility": 1,
    "cumulative": 1
  },
  "lighthouse": {
    "version": "9.6.1",
    "performance": 0.45,
    "accessibility": 1,
    "bestPractices": 0.83,
    "seo": 1,
    "total": 328
  },
  "firstContentfulPaint": 4416.182,
  "firstMeaningfulPaint": 4416.182,
  "speedIndex": 4416.182,
  "largestContentfulPaint": 4743.280000000001,
  "totalBlockingTime": 1095.499999999999,
  "cumulativeLayoutShift": 0.002178615993923611,
  "timeToInteractive": 6910.074,
  "maxPotentialFirstInputDelay": 824,
  "timeToFirstByte": 50.361999999999995,
  "weight": {
    "summary": "37 requests • 928 KiB",
    "total": 949804,
    "image": 128314,
    "imageCount": 18,
    "script": 534394,
    "scriptCount": 8,
    "document": 151372,
    "font": 34152,
    "fontCount": 1,
    "stylesheet": 14652,
    "stylesheetCount": 3,
    "thirdParty": 54738,
    "thirdPartyCount": 7
  },
  "run": {
    "number": 2,
    "total": 3
  },
  "axe": {
    "passes": 1418,
    "violations": 5
  }
}