{
  "url": "https://www.emcasa.com/",
  "requestedUrl": "https://www.emcasa.com/",
  "timestamp": 1654409590048,
  "ranks": {
    "hundos": 1,
    "performance": 1,
    "accessibility": 1,
    "cumulative": 1
  },
  "lighthouse": {
    "version": "9.6.1",
    "performance": 0.57,
    "accessibility": 1,
    "bestPractices": 0.83,
    "seo": 1,
    "total": 340
  },
  "firstContentfulPaint": 2982.666,
  "firstMeaningfulPaint": 2982.666,
  "speedIndex": 3815.5021982889493,
  "largestContentfulPaint": 3308.912,
  "totalBlockingTime": 1142.1924999999997,
  "cumulativeLayoutShift": 0.002178615993923611,
  "timeToInteractive": 7333.1875,
  "maxPotentialFirstInputDelay": 708,
  "timeToFirstByte": 52.971000000000004,
  "weight": {
    "summary": "36 requests • 929 KiB",
    "total": 951420,
    "image": 128318,
    "imageCount": 18,
    "script": 535103,
    "scriptCount": 7,
    "document": 151768,
    "font": 34152,
    "fontCount": 1,
    "stylesheet": 14613,
    "stylesheetCount": 3,
    "thirdParty": 55066,
    "thirdPartyCount": 7
  },
  "run": {
    "number": 3,
    "total": 3
  },
  "axe": {
    "passes": 1418,
    "violations": 5
  }
}