{
  "url": "https://www.emcasa.com/",
  "requestedUrl": "https://www.emcasa.com/",
  "timestamp": 1648988234696,
  "ranks": {
    "hundos": 1,
    "performance": 1,
    "accessibility": 1,
    "cumulative": 1
  },
  "lighthouse": {
    "version": "9.5.0",
    "performance": 0.32,
    "accessibility": 0.98,
    "bestPractices": 0.92,
    "seo": 1,
    "total": 324
  },
  "firstContentfulPaint": 5622.782999999999,
  "firstMeaningfulPaint": 5622.782999999999,
  "speedIndex": 5622.782999999999,
  "largestContentfulPaint": 6372.782999999999,
  "totalBlockingTime": 1400,
  "cumulativeLayoutShift": 0.002178615993923611,
  "timeToInteractive": 8221.783000000001,
  "maxPotentialFirstInputDelay": 1075,
  "timeToFirstByte": 37.434,
  "weight": {
    "summary": "38 requests • 909 KiB",
    "total": 930608,
    "image": 126516,
    "imageCount": 16,
    "script": 529028,
    "scriptCount": 10,
    "document": 144465,
    "font": 34152,
    "fontCount": 1,
    "stylesheet": 13550,
    "stylesheetCount": 3,
    "thirdParty": 53973,
    "thirdPartyCount": 8
  },
  "run": {
    "number": 3,
    "total": 3
  },
  "axe": {
    "passes": 1262,
    "violations": 5
  }
}