{
  "url": "https://www.emcasa.com/",
  "requestedUrl": "https://www.emcasa.com/",
  "timestamp": 1649960008275,
  "ranks": {
    "hundos": 1,
    "performance": 1,
    "accessibility": 1,
    "cumulative": 1
  },
  "lighthouse": {
    "version": "9.5.0",
    "performance": 0.6,
    "accessibility": 0.98,
    "bestPractices": 0.92,
    "seo": 1,
    "total": 352
  },
  "firstContentfulPaint": 2628.749,
  "firstMeaningfulPaint": 2628.749,
  "speedIndex": 3530.403394574911,
  "largestContentfulPaint": 2903.627,
  "totalBlockingTime": 1244.9055000000012,
  "cumulativeLayoutShift": 0.002178615993923611,
  "timeToInteractive": 7646.190500000001,
  "maxPotentialFirstInputDelay": 923,
  "timeToFirstByte": 42.027,
  "weight": {
    "summary": "38 requests • 918 KiB",
    "total": 939968,
    "image": 127278,
    "imageCount": 17,
    "script": 529860,
    "scriptCount": 10,
    "document": 149322,
    "font": 34151,
    "fontCount": 1,
    "stylesheet": 14031,
    "stylesheetCount": 3,
    "thirdParty": 54733,
    "thirdPartyCount": 9
  },
  "run": {
    "number": 3,
    "total": 3
  },
  "axe": {
    "passes": 1551,
    "violations": 5
  }
}