{
  "url": "https://www.emcasa.com/",
  "requestedUrl": "https://www.emcasa.com/",
  "timestamp": 1649441642272,
  "ranks": {
    "hundos": 1,
    "performance": 1,
    "accessibility": 1,
    "cumulative": 1
  },
  "lighthouse": {
    "version": "9.5.0",
    "performance": 0.51,
    "accessibility": 1,
    "bestPractices": 0.92,
    "seo": 1,
    "total": 343
  },
  "firstContentfulPaint": 3086.904,
  "firstMeaningfulPaint": 3086.904,
  "speedIndex": 6532.581768845641,
  "largestContentfulPaint": 3086.904,
  "totalBlockingTime": 1296.4999999999973,
  "cumulativeLayoutShift": 0.002178615993923611,
  "timeToInteractive": 9148.528999999997,
  "maxPotentialFirstInputDelay": 951.9999999999991,
  "timeToFirstByte": 151.30500000000004,
  "weight": {
    "summary": "39 requests • 914 KiB",
    "total": 935683,
    "image": 127233,
    "imageCount": 17,
    "script": 530051,
    "scriptCount": 10,
    "document": 146226,
    "font": 34152,
    "fontCount": 1,
    "stylesheet": 14003,
    "stylesheetCount": 3,
    "thirdParty": 54735,
    "thirdPartyCount": 9
  },
  "run": {
    "number": 2,
    "total": 3
  },
  "axe": {
    "passes": 1262,
    "violations": 5
  }
}