{
  "url": "https://www.emcasa.com/",
  "requestedUrl": "https://www.emcasa.com/",
  "timestamp": 1656850679113,
  "ranks": {
    "hundos": 1,
    "performance": 1,
    "accessibility": 1,
    "cumulative": 1
  },
  "lighthouse": {
    "version": "9.6.3",
    "performance": 0.48,
    "accessibility": 1,
    "bestPractices": 0.83,
    "seo": 1,
    "total": 331
  },
  "firstContentfulPaint": 2758.0179999999996,
  "firstMeaningfulPaint": 2758.0179999999996,
  "speedIndex": 4432.496778060465,
  "largestContentfulPaint": 8037.783000000001,
  "totalBlockingTime": 568.9999999999995,
  "cumulativeLayoutShift": 0.01875,
  "timeToInteractive": 8422.966999999999,
  "maxPotentialFirstInputDelay": 826.9999999999991,
  "timeToFirstByte": 35.11099999999999,
  "weight": {
    "summary": "40 requests • 1,287 KiB",
    "total": 1318024,
    "image": 491866,
    "imageCount": 20,
    "script": 536810,
    "scriptCount": 9,
    "document": 152290,
    "font": 34151,
    "fontCount": 1,
    "stylesheet": 14877,
    "stylesheetCount": 3,
    "thirdParty": 55067,
    "thirdPartyCount": 9
  },
  "run": {
    "number": 1,
    "total": 3
  },
  "axe": {
    "passes": 664,
    "violations": 3
  }
}