{
  "url": "https://www.emcasa.com/",
  "requestedUrl": "https://www.emcasa.com/",
  "timestamp": 1651428763723,
  "ranks": {
    "hundos": 1,
    "performance": 1,
    "accessibility": 1,
    "cumulative": 1
  },
  "lighthouse": {
    "version": "9.5.0",
    "performance": 0.38,
    "accessibility": 1,
    "bestPractices": 0.83,
    "seo": 1,
    "total": 321
  },
  "firstContentfulPaint": 5179.361,
  "firstMeaningfulPaint": 5179.361,
  "speedIndex": 5179.361,
  "largestContentfulPaint": 5329.361,
  "totalBlockingTime": 1173.999999999999,
  "cumulativeLayoutShift": 0.002178615993923611,
  "timeToInteractive": 7556.360999999999,
  "maxPotentialFirstInputDelay": 697,
  "timeToFirstByte": 39.712,
  "weight": {
    "summary": "52 requests • 1,019 KiB",
    "total": 1043398,
    "image": 127252,
    "imageCount": 17,
    "script": 632546,
    "scriptCount": 22,
    "document": 149632,
    "font": 34153,
    "fontCount": 1,
    "stylesheet": 14031,
    "stylesheetCount": 3,
    "thirdParty": 157241,
    "thirdPartyCount": 23
  },
  "run": {
    "number": 1,
    "total": 3
  },
  "axe": {
    "passes": 1295,
    "violations": 5
  }
}