{
  "url": "https://www.emcasa.com/",
  "requestedUrl": "https://www.emcasa.com/",
  "timestamp": 1652185542421,
  "ranks": {
    "hundos": 1,
    "performance": 1,
    "accessibility": 1,
    "cumulative": 1
  },
  "lighthouse": {
    "version": "9.5.0",
    "performance": 0.34,
    "accessibility": 0.98,
    "bestPractices": 0.83,
    "seo": 1,
    "total": 317
  },
  "firstContentfulPaint": 5866.478,
  "firstMeaningfulPaint": 5866.478,
  "speedIndex": 5866.478,
  "largestContentfulPaint": 5866.478,
  "totalBlockingTime": 1170.5,
  "cumulativeLayoutShift": 0.002178615993923611,
  "timeToInteractive": 8476.431,
  "maxPotentialFirstInputDelay": 889,
  "timeToFirstByte": 136.846,
  "weight": {
    "summary": "40 requests • 926 KiB",
    "total": 948583,
    "image": 128308,
    "imageCount": 18,
    "script": 532981,
    "scriptCount": 10,
    "document": 151404,
    "font": 34152,
    "fontCount": 1,
    "stylesheet": 14521,
    "stylesheetCount": 3,
    "thirdParty": 54736,
    "thirdPartyCount": 9
  },
  "run": {
    "number": 1,
    "total": 3
  },
  "axe": {
    "passes": 1141,
    "violations": 3
  }
}