{
  "url": "https://www.emcasa.com/",
  "requestedUrl": "https://www.emcasa.com/",
  "timestamp": 1654625615706,
  "ranks": {
    "hundos": 1,
    "performance": 1,
    "accessibility": 1,
    "cumulative": 1
  },
  "lighthouse": {
    "version": "9.6.1",
    "performance": 0.5,
    "accessibility": 0.98,
    "bestPractices": 0.83,
    "seo": 1,
    "total": 333
  },
  "firstContentfulPaint": 2702.5240000000003,
  "firstMeaningfulPaint": 2702.5240000000003,
  "speedIndex": 5245.588884090409,
  "largestContentfulPaint": 2863.009,
  "totalBlockingTime": 2141.5300000000007,
  "cumulativeLayoutShift": 0.002178615993923611,
  "timeToInteractive": 14134.466000000004,
  "maxPotentialFirstInputDelay": 1019,
  "timeToFirstByte": 51.531,
  "weight": {
    "summary": "149 requests • 1,494 KiB",
    "total": 1530089,
    "image": 141154,
    "imageCount": 47,
    "script": 1073236,
    "scriptCount": 51,
    "document": 161938,
    "font": 34152,
    "fontCount": 1,
    "stylesheet": 14613,
    "stylesheetCount": 3,
    "thirdParty": 633507,
    "thirdPartyCount": 120
  },
  "run": {
    "number": 3,
    "total": 3
  },
  "axe": {
    "passes": 1418,
    "violations": 5
  }
}