{
  "url": "https://www.emcasa.com/",
  "requestedUrl": "https://www.emcasa.com/",
  "timestamp": 1652940911673,
  "ranks": {
    "hundos": 1,
    "performance": 1,
    "accessibility": 1,
    "cumulative": 1
  },
  "lighthouse": {
    "version": "9.6.1",
    "performance": 0.54,
    "accessibility": 1,
    "bestPractices": 0.83,
    "seo": 1,
    "total": 337
  },
  "firstContentfulPaint": 2814.683,
  "firstMeaningfulPaint": 2814.683,
  "speedIndex": 4239.094157973297,
  "largestContentfulPaint": 3135.737,
  "totalBlockingTime": 1596.946,
  "cumulativeLayoutShift": 0.002178615993923611,
  "timeToInteractive": 8828.858,
  "maxPotentialFirstInputDelay": 1290,
  "timeToFirstByte": 49.85000000000001,
  "weight": {
    "summary": "65 requests • 1,181 KiB",
    "total": 1209479,
    "image": 128308,
    "imageCount": 20,
    "script": 793473,
    "scriptCount": 29,
    "document": 152123,
    "font": 34151,
    "fontCount": 1,
    "stylesheet": 14527,
    "stylesheetCount": 3,
    "thirdParty": 316341,
    "thirdPartyCount": 35
  },
  "run": {
    "number": 3,
    "total": 3
  },
  "axe": {
    "passes": 1141,
    "violations": 3
  }
}