{
  "url": "https://www.emcasa.com/",
  "requestedUrl": "https://www.emcasa.com/",
  "timestamp": 1652922161125,
  "ranks": {
    "hundos": 1,
    "performance": 1,
    "accessibility": 1,
    "cumulative": 1
  },
  "lighthouse": {
    "version": "9.6.1",
    "performance": 0.53,
    "accessibility": 1,
    "bestPractices": 0.83,
    "seo": 1,
    "total": 336
  },
  "firstContentfulPaint": 2751.715,
  "firstMeaningfulPaint": 2751.715,
  "speedIndex": 5508.044300831318,
  "largestContentfulPaint": 2909.9759999999997,
  "totalBlockingTime": 1344.2390000000032,
  "cumulativeLayoutShift": 0.002178615993923611,
  "timeToInteractive": 12775.257000000001,
  "maxPotentialFirstInputDelay": 854.9999999999982,
  "timeToFirstByte": 66.65899999999999,
  "weight": {
    "summary": "113 requests • 1,432 KiB",
    "total": 1465938,
    "image": 130417,
    "imageCount": 29,
    "script": 1035379,
    "scriptCount": 49,
    "document": 155488,
    "font": 34151,
    "fontCount": 1,
    "stylesheet": 14517,
    "stylesheetCount": 3,
    "thirdParty": 572132,
    "thirdPartyCount": 83
  },
  "run": {
    "number": 2,
    "total": 3
  },
  "axe": {
    "passes": 1189,
    "violations": 3
  }
}