{
  "url": "https://www.emcasa.com/",
  "requestedUrl": "https://www.emcasa.com/",
  "timestamp": 1651947155434,
  "ranks": {
    "hundos": 1,
    "performance": 1,
    "accessibility": 1,
    "cumulative": 1
  },
  "lighthouse": {
    "version": "9.5.0",
    "performance": 0.47,
    "accessibility": 0.98,
    "bestPractices": 0.83,
    "seo": 1,
    "total": 330
  },
  "firstContentfulPaint": 3183.94,
  "firstMeaningfulPaint": 3183.94,
  "speedIndex": 6115.357991494023,
  "largestContentfulPaint": 3183.94,
  "totalBlockingTime": 2505.181,
  "cumulativeLayoutShift": 0.002178615993923611,
  "timeToInteractive": 9001.280999999999,
  "maxPotentialFirstInputDelay": 1260,
  "timeToFirstByte": 348.6,
  "weight": {
    "summary": "52 requests • 1,046 KiB",
    "total": 1070601,
    "image": 127305,
    "imageCount": 17,
    "script": 655995,
    "scriptCount": 22,
    "document": 151714,
    "font": 34153,
    "fontCount": 1,
    "stylesheet": 14516,
    "stylesheetCount": 3,
    "thirdParty": 177686,
    "thirdPartyCount": 23
  },
  "run": {
    "number": 1,
    "total": 3
  },
  "axe": {
    "passes": 1134,
    "violations": 3
  }
}