{
  "url": "https://www.emcasa.com/",
  "requestedUrl": "https://www.emcasa.com/",
  "timestamp": 1650934463108,
  "ranks": {
    "hundos": 1,
    "performance": 1,
    "accessibility": 1,
    "cumulative": 1
  },
  "lighthouse": {
    "version": "9.5.0",
    "performance": 0.42,
    "accessibility": 1,
    "bestPractices": 0.83,
    "seo": 1,
    "total": 325
  },
  "firstContentfulPaint": 2758.8720000000003,
  "firstMeaningfulPaint": 2758.8720000000003,
  "speedIndex": 3637.6076530149494,
  "largestContentfulPaint": 6674.8745,
  "totalBlockingTime": 1260,
  "cumulativeLayoutShift": 0.002178615993923611,
  "timeToInteractive": 7707.1539999999995,
  "maxPotentialFirstInputDelay": 903,
  "timeToFirstByte": 102.05799999999999,
  "weight": {
    "summary": "38 requests • 918 KiB",
    "total": 940536,
    "image": 127252,
    "imageCount": 17,
    "script": 530050,
    "scriptCount": 10,
    "document": 149268,
    "font": 34152,
    "fontCount": 1,
    "stylesheet": 14031,
    "stylesheetCount": 3,
    "thirdParty": 54735,
    "thirdPartyCount": 9
  },
  "run": {
    "number": 3,
    "total": 3
  },
  "axe": {
    "passes": 1018,
    "violations": 3
  }
}