{
  "url": "https://www.emcasa.com/",
  "requestedUrl": "https://www.emcasa.com/",
  "timestamp": 1650847543894,
  "ranks": {
    "hundos": 1,
    "performance": 1,
    "accessibility": 1,
    "cumulative": 1
  },
  "lighthouse": {
    "version": "9.5.0",
    "performance": 0.33,
    "accessibility": 0.98,
    "bestPractices": 0.83,
    "seo": 0.99,
    "total": 313
  },
  "firstContentfulPaint": 5724.308,
  "firstMeaningfulPaint": 5724.308,
  "speedIndex": 5724.308,
  "largestContentfulPaint": 6880.324,
  "totalBlockingTime": 1165,
  "cumulativeLayoutShift": 0.002178615993923611,
  "timeToInteractive": 7795.448,
  "maxPotentialFirstInputDelay": 887,
  "timeToFirstByte": 76.332,
  "weight": {
    "summary": "38 requests • 918 KiB",
    "total": 939912,
    "image": 127317,
    "imageCount": 17,
    "script": 530110,
    "scriptCount": 10,
    "document": 148972,
    "font": 34152,
    "fontCount": 1,
    "stylesheet": 14027,
    "stylesheetCount": 3,
    "thirdParty": 54743,
    "thirdPartyCount": 9
  },
  "run": {
    "number": 1,
    "total": 3
  },
  "axe": {
    "passes": 1018,
    "violations": 3
  }
}