{
  "url": "https://www.emcasa.com/",
  "requestedUrl": "https://www.emcasa.com/",
  "timestamp": 1654107281808,
  "ranks": {
    "hundos": 1,
    "performance": 1,
    "accessibility": 1,
    "cumulative": 1
  },
  "lighthouse": {
    "version": "9.6.1",
    "performance": 0.36,
    "accessibility": 0.98,
    "bestPractices": 0.83,
    "seo": 0.99,
    "total": 316
  },
  "firstContentfulPaint": 5636.83,
  "firstMeaningfulPaint": 5636.83,
  "speedIndex": 5636.83,
  "largestContentfulPaint": 7261.201,
  "totalBlockingTime": 864,
  "cumulativeLayoutShift": 0.002178615993923611,
  "timeToInteractive": 8363.33,
  "maxPotentialFirstInputDelay": 878,
  "timeToFirstByte": 52.321,
  "weight": {
    "summary": "39 requests • 929 KiB",
    "total": 951711,
    "image": 128319,
    "imageCount": 18,
    "script": 535436,
    "scriptCount": 9,
    "document": 151450,
    "font": 34151,
    "fontCount": 1,
    "stylesheet": 14688,
    "stylesheetCount": 3,
    "thirdParty": 55068,
    "thirdPartyCount": 9
  },
  "run": {
    "number": 2,
    "total": 3
  },
  "axe": {
    "passes": 1715,
    "violations": 5
  }
}