{
  "url": "https://www.emcasa.com/",
  "requestedUrl": "https://www.emcasa.com/",
  "timestamp": 1656051249044,
  "ranks": {
    "hundos": 1,
    "performance": 1,
    "accessibility": 1,
    "cumulative": 1
  },
  "lighthouse": {
    "version": "9.6.2",
    "performance": 0.42,
    "accessibility": 1,
    "bestPractices": 0.83,
    "seo": 1,
    "total": 325
  },
  "firstContentfulPaint": 5397.739,
  "firstMeaningfulPaint": 5397.739,
  "speedIndex": 5397.739,
  "largestContentfulPaint": 8134.593,
  "totalBlockingTime": 566.5,
  "cumulativeLayoutShift": 0.01975552707248264,
  "timeToInteractive": 7600.4475,
  "maxPotentialFirstInputDelay": 823,
  "timeToFirstByte": 35.583,
  "weight": {
    "summary": "38 requests • 1,286 KiB",
    "total": 1316490,
    "image": 491816,
    "imageCount": 20,
    "script": 536415,
    "scriptCount": 7,
    "document": 151410,
    "font": 34152,
    "fontCount": 1,
    "stylesheet": 14834,
    "stylesheetCount": 3,
    "thirdParty": 55068,
    "thirdPartyCount": 7
  },
  "run": {
    "number": 2,
    "total": 3
  },
  "axe": {
    "passes": 776,
    "violations": 3
  }
}