{
  "url": "https://www.emcasa.com/",
  "requestedUrl": "https://www.emcasa.com/",
  "timestamp": 1654668857786,
  "ranks": {
    "hundos": 1,
    "performance": 1,
    "accessibility": 1,
    "cumulative": 1
  },
  "lighthouse": {
    "version": "9.6.1",
    "performance": 0.28,
    "accessibility": 0.98,
    "bestPractices": 0.83,
    "seo": 0.99,
    "total": 308
  },
  "firstContentfulPaint": 6160.615000000002,
  "firstMeaningfulPaint": 6160.615000000002,
  "speedIndex": 6160.615000000002,
  "largestContentfulPaint": 7437.951000000001,
  "totalBlockingTime": 1497.3540000000003,
  "cumulativeLayoutShift": 0.002178615993923611,
  "timeToInteractive": 9402.224999999999,
  "maxPotentialFirstInputDelay": 1191,
  "timeToFirstByte": 68.76599999999999,
  "weight": {
    "summary": "39 requests • 1,032 KiB",
    "total": 1057026,
    "image": 128330,
    "imageCount": 18,
    "script": 640140,
    "scriptCount": 9,
    "document": 152014,
    "font": 34152,
    "fontCount": 1,
    "stylesheet": 14621,
    "stylesheetCount": 3,
    "thirdParty": 160118,
    "thirdPartyCount": 9
  },
  "run": {
    "number": 2,
    "total": 3
  },
  "axe": {
    "passes": 1418,
    "violations": 5
  }
}