{
  "url": "https://www.emcasa.com/",
  "requestedUrl": "https://www.emcasa.com/",
  "timestamp": 1652098901414,
  "ranks": {
    "hundos": 1,
    "performance": 1,
    "accessibility": 1,
    "cumulative": 1
  },
  "lighthouse": {
    "version": "9.5.0",
    "performance": 0.56,
    "accessibility": 1,
    "bestPractices": 0.83,
    "seo": 1,
    "total": 339
  },
  "firstContentfulPaint": 2984.8839999999996,
  "firstMeaningfulPaint": 2984.8839999999996,
  "speedIndex": 3816.0732200964144,
  "largestContentfulPaint": 3288.874,
  "totalBlockingTime": 1220.999999999999,
  "cumulativeLayoutShift": 0.002178615993923611,
  "timeToInteractive": 8307.754,
  "maxPotentialFirstInputDelay": 905,
  "timeToFirstByte": 70.848,
  "weight": {
    "summary": "40 requests • 926 KiB",
    "total": 948630,
    "image": 128310,
    "imageCount": 18,
    "script": 532939,
    "scriptCount": 10,
    "document": 151495,
    "font": 34153,
    "fontCount": 1,
    "stylesheet": 14516,
    "stylesheetCount": 3,
    "thirdParty": 54740,
    "thirdPartyCount": 9
  },
  "run": {
    "number": 2,
    "total": 2
  },
  "axe": {
    "passes": 1141,
    "violations": 3
  }
}