{
  "url": "https://www.emcasa.com/",
  "requestedUrl": "https://www.emcasa.com/",
  "timestamp": 1650694401605,
  "ranks": {
    "hundos": 1,
    "performance": 1,
    "accessibility": 1,
    "cumulative": 1
  },
  "lighthouse": {
    "version": "9.5.0",
    "performance": 0.36,
    "accessibility": 0.98,
    "bestPractices": 0.83,
    "seo": 1,
    "total": 319
  },
  "firstContentfulPaint": 5143.525,
  "firstMeaningfulPaint": 5143.525,
  "speedIndex": 5143.525,
  "largestContentfulPaint": 5595.159999999999,
  "totalBlockingTime": 1346.9099999999999,
  "cumulativeLayoutShift": 0.002178615993923611,
  "timeToInteractive": 7309.339999999999,
  "maxPotentialFirstInputDelay": 936,
  "timeToFirstByte": 31.46199999999999,
  "weight": {
    "summary": "37 requests • 918 KiB",
    "total": 940254,
    "image": 127328,
    "imageCount": 17,
    "script": 530148,
    "scriptCount": 10,
    "document": 149267,
    "font": 34151,
    "fontCount": 1,
    "stylesheet": 14026,
    "stylesheetCount": 3,
    "thirdParty": 54738,
    "thirdPartyCount": 9
  },
  "run": {
    "number": 1,
    "total": 3
  },
  "axe": {
    "passes": 1295,
    "violations": 5
  }
}