{
  "url": "https://www.emcasa.com/",
  "requestedUrl": "https://www.emcasa.com/",
  "timestamp": 1655273615839,
  "ranks": {
    "hundos": 1,
    "performance": 1,
    "accessibility": 1,
    "cumulative": 1
  },
  "lighthouse": {
    "version": "9.6.2",
    "performance": 0.22,
    "accessibility": 1,
    "bestPractices": 0.83,
    "seo": 1,
    "total": 305
  },
  "firstContentfulPaint": 5784.084999999999,
  "firstMeaningfulPaint": 5784.084999999999,
  "speedIndex": 7237.99299111763,
  "largestContentfulPaint": 8906.182999999999,
  "totalBlockingTime": 2538.500000000001,
  "cumulativeLayoutShift": 0.01975552707248264,
  "timeToInteractive": 10924.8565,
  "maxPotentialFirstInputDelay": 1308.000000000001,
  "timeToFirstByte": 93.40999999999998,
  "weight": {
    "summary": "74 requests • 1,650 KiB",
    "total": 1690066,
    "image": 493515,
    "imageCount": 27,
    "script": 905490,
    "scriptCount": 27,
    "document": 151411,
    "font": 34153,
    "fontCount": 1,
    "stylesheet": 14838,
    "stylesheetCount": 3,
    "thirdParty": 430495,
    "thirdPartyCount": 43
  },
  "run": {
    "number": 1,
    "total": 3
  },
  "axe": {
    "passes": 664,
    "violations": 3
  }
}