{
  "url": "https://www.emcasa.com/",
  "requestedUrl": "https://www.emcasa.com/",
  "timestamp": 1655921644809,
  "ranks": {
    "hundos": 1,
    "performance": 1,
    "accessibility": 1,
    "cumulative": 1
  },
  "lighthouse": {
    "version": "9.6.2",
    "performance": 0.32,
    "accessibility": 1,
    "bestPractices": 0.83,
    "seo": 1,
    "total": 315
  },
  "firstContentfulPaint": 3703.5160000000005,
  "firstMeaningfulPaint": 3703.5160000000005,
  "speedIndex": 7295.06219535018,
  "largestContentfulPaint": 9243.777000000002,
  "totalBlockingTime": 1038.8149999999996,
  "cumulativeLayoutShift": 0.01975552707248264,
  "timeToInteractive": 9352.479,
  "maxPotentialFirstInputDelay": 1145,
  "timeToFirstByte": 836.7859999999998,
  "weight": {
    "summary": "38 requests • 1,285 KiB",
    "total": 1315345,
    "image": 491807,
    "imageCount": 20,
    "script": 534624,
    "scriptCount": 7,
    "document": 152034,
    "font": 34152,
    "fontCount": 1,
    "stylesheet": 14859,
    "stylesheetCount": 3,
    "thirdParty": 55074,
    "thirdPartyCount": 7
  },
  "run": {
    "number": 1,
    "total": 3
  },
  "axe": {
    "passes": 664,
    "violations": 3
  }
}