{
  "url": "https://www.emcasa.com/",
  "requestedUrl": "https://www.emcasa.com/",
  "timestamp": 1654131685665,
  "ranks": {
    "hundos": 1,
    "performance": 1,
    "accessibility": 1,
    "cumulative": 1
  },
  "lighthouse": {
    "version": "9.6.1",
    "performance": 0.31,
    "accessibility": 1,
    "bestPractices": 0.83,
    "seo": 1,
    "total": 314
  },
  "firstContentfulPaint": 5785.182,
  "firstMeaningfulPaint": 5785.182,
  "speedIndex": 5785.182,
  "largestContentfulPaint": 6147.155999999999,
  "totalBlockingTime": 1488.5194999999985,
  "cumulativeLayoutShift": 0.002178615993923611,
  "timeToInteractive": 8693.5455,
  "maxPotentialFirstInputDelay": 972.9999999999973,
  "timeToFirstByte": 106.99100000000001,
  "weight": {
    "summary": "38 requests • 929 KiB",
    "total": 951194,
    "image": 128317,
    "imageCount": 18,
    "script": 535283,
    "scriptCount": 9,
    "document": 151304,
    "font": 34151,
    "fontCount": 1,
    "stylesheet": 14610,
    "stylesheetCount": 3,
    "thirdParty": 55051,
    "thirdPartyCount": 9
  },
  "run": {
    "number": 3,
    "total": 3
  },
  "axe": {
    "passes": 1418,
    "violations": 5
  }
}