{
  "url": "https://www.emcasa.com/",
  "requestedUrl": "https://www.emcasa.com/",
  "timestamp": 1653826728052,
  "ranks": {
    "hundos": 1,
    "performance": 1,
    "accessibility": 1,
    "cumulative": 1
  },
  "lighthouse": {
    "version": "9.6.1",
    "performance": 0.32,
    "accessibility": 0.98,
    "bestPractices": 0.83,
    "seo": 0.99,
    "total": 312
  },
  "firstContentfulPaint": 5798.062999999999,
  "firstMeaningfulPaint": 5798.062999999999,
  "speedIndex": 5798.062999999999,
  "largestContentfulPaint": 6674.018,
  "totalBlockingTime": 1390,
  "cumulativeLayoutShift": 0.002178615993923611,
  "timeToInteractive": 7886.013,
  "maxPotentialFirstInputDelay": 957,
  "timeToFirstByte": 27.611000000000004,
  "weight": {
    "summary": "39 requests • 929 KiB",
    "total": 950949,
    "image": 128321,
    "imageCount": 18,
    "script": 535172,
    "scriptCount": 10,
    "document": 151398,
    "font": 34152,
    "fontCount": 1,
    "stylesheet": 14661,
    "stylesheetCount": 3,
    "thirdParty": 55062,
    "thirdPartyCount": 9
  },
  "run": {
    "number": 1,
    "total": 3
  },
  "axe": {
    "passes": 1141,
    "violations": 3
  }
}